-64,-20,5lL/KgoVIKA09yBaAykbPiaRCh4=,Tf4aL68BycxSCbtsyMUzv9xsTWw=
-61,-19,5lL/KgoVIKA09yBaAykbPiaRCh4=,Tf4aL68BycxSCbtsyMUzv9xsTWw=
-62,-19,5lL/KgoVIKA09yBaAykbPiaRCh4=,Tf4aL68BycxSCbtsyMUzv9xsTWw=
-62,-20,5lL/KgoVIKA09yBaAykbPiaRCh4=,Tf4aL68BycxSCbtsyMUzv9xsTWw=
-61,-20,5lL/KgoVIKA09yBaAykbPiaRCh4=,Tf4aL68BycxSCbtsyMUzv9xsTWw=
-61,-17,5lL/KgoVIKA09yBaAykbPiaRCh4=,Tf4aL68BycxSCbtsyMUzv9xsTWw=
-63,-17,5lL/KgoVIKA09yBaAykbPiaRCh4=,Tf4aL68BycxSCbtsyMUzv9xsTWw=
-63,-20,5lL/KgoVIKA09yBaAykbPiaRCh4=,Tf4aL68BycxSCbtsyMUzv9xsTWw=
-64,-17,5lL/KgoVIKA09yBaAykbPiaRCh4=,Tf4aL68BycxSCbtsyMUzv9xsTWw=
-64,-18,5lL/KgoVIKA09yBaAykbPiaRCh4=,Tf4aL68BycxSCbtsyMUzv9xsTWw=
-61,-18,5lL/KgoVIKA09yBaAykbPiaRCh4=,Tf4aL68BycxSCbtsyMUzv9xsTWw=
-62,-17,5lL/KgoVIKA09yBaAykbPiaRCh4=,Tf4aL68BycxSCbtsyMUzv9xsTWw=
-62,-18,5lL/KgoVIKA09yBaAykbPiaRCh4=,Tf4aL68BycxSCbtsyMUzv9xsTWw=
-63,-18,5lL/KgoVIKA09yBaAykbPiaRCh4=,Tf4aL68BycxSCbtsyMUzv9xsTWw=
-63,-19,5lL/KgoVIKA09yBaAykbPiaRCh4=,Tf4aL68BycxSCbtsyMUzv9xsTWw=
-64,-19,5lL/KgoVIKA09yBaAykbPiaRCh4=,Tf4aL68BycxSCbtsyMUzv9xsTWw=
-61,-16,EJkvEWrookNK5MDtfzIqk1jgLrA=,EleKc7sWLH9JSSwXhIhs/74a2f0=
-62,-16,EJkvEWrookNK5MDtfzIqk1jgLrA=,EleKc7sWLH9JSSwXhIhs/74a2f0=
-61,-15,EJkvEWrookNK5MDtfzIqk1jgLrA=,EleKc7sWLH9JSSwXhIhs/74a2f0=
-63,-13,EJkvEWrookNK5MDtfzIqk1jgLrA=,EleKc7sWLH9JSSwXhIhs/74a2f0=
-63,-16,EJkvEWrookNK5MDtfzIqk1jgLrA=,EleKc7sWLH9JSSwXhIhs/74a2f0=
-62,-13,EJkvEWrookNK5MDtfzIqk1jgLrA=,EleKc7sWLH9JSSwXhIhs/74a2f0=
-61,-13,EJkvEWrookNK5MDtfzIqk1jgLrA=,EleKc7sWLH9JSSwXhIhs/74a2f0=
-61,-14,EJkvEWrookNK5MDtfzIqk1jgLrA=,EleKc7sWLH9JSSwXhIhs/74a2f0=
-64,-13,EJkvEWrookNK5MDtfzIqk1jgLrA=,EleKc7sWLH9JSSwXhIhs/74a2f0=
-62,-14,EJkvEWrookNK5MDtfzIqk1jgLrA=,EleKc7sWLH9JSSwXhIhs/74a2f0=
-64,-16,EJkvEWrookNK5MDtfzIqk1jgLrA=,EleKc7sWLH9JSSwXhIhs/74a2f0=
-63,-15,EJkvEWrookNK5MDtfzIqk1jgLrA=,EleKc7sWLH9JSSwXhIhs/74a2f0=
-62,-15,EJkvEWrookNK5MDtfzIqk1jgLrA=,EleKc7sWLH9JSSwXhIhs/74a2f0=
-64,-14,EJkvEWrookNK5MDtfzIqk1jgLrA=,EleKc7sWLH9JSSwXhIhs/74a2f0=
-64,-15,EJkvEWrookNK5MDtfzIqk1jgLrA=,EleKc7sWLH9JSSwXhIhs/74a2f0=
-63,-14,EJkvEWrookNK5MDtfzIqk1jgLrA=,EleKc7sWLH9JSSwXhIhs/74a2f0=
-47,-3,MeQ+FoGoqk7SJqTncTy27b3D/Jg=,9cZ1xYxSQ9g1XwyPfScOHUP0wK4=
-46,-2,MeQ+FoGoqk7SJqTncTy27b3D/Jg=,9cZ1xYxSQ9g1XwyPfScOHUP0wK4=
-47,-2,MeQ+FoGoqk7SJqTncTy27b3D/Jg=,9cZ1xYxSQ9g1XwyPfScOHUP0wK4=
-46,-3,MeQ+FoGoqk7SJqTncTy27b3D/Jg=,9cZ1xYxSQ9g1XwyPfScOHUP0wK4=
-44,-3,azb6DL2UX6gGoq3d/Fce0vLQbnE=,P9pawspESgq7i/p78Ipew6Innfw=
-43,-3,UFB2VZXzKvNL9cu4tX6UbTn3qd8=,P9pawspESgq7i/p78Ipew6Innfw=
-42,-3,UFB2VZXzKvNL9cu4tX6UbTn3qd8=,P9pawspESgq7i/p78Ipew6Innfw=
-44,-2,azb6DL2UX6gGoq3d/Fce0vLQbnE=,P9pawspESgq7i/p78Ipew6Innfw=
-43,-2,UFB2VZXzKvNL9cu4tX6UbTn3qd8=,P9pawspESgq7i/p78Ipew6Innfw=
-42,-2,UFB2VZXzKvNL9cu4tX6UbTn3qd8=,P9pawspESgq7i/p78Ipew6Innfw=
-45,-3,MeQ+FoGoqk7SJqTncTy27b3D/Jg=,9cZ1xYxSQ9g1XwyPfScOHUP0wK4=
-45,-2,MeQ+FoGoqk7SJqTncTy27b3D/Jg=,9cZ1xYxSQ9g1XwyPfScOHUP0wK4=
-47,-5,azb6DL2UX6gGoq3d/Fce0vLQbnE=,VyfSz/ePP0YkXIBu5sFCPcjuZSY=
-46,-5,azb6DL2UX6gGoq3d/Fce0vLQbnE=,VyfSz/ePP0YkXIBu5sFCPcjuZSY=
-46,-4,MeQ+FoGoqk7SJqTncTy27b3D/Jg=,9cZ1xYxSQ9g1XwyPfScOHUP0wK4=
-47,-4,MeQ+FoGoqk7SJqTncTy27b3D/Jg=,9cZ1xYxSQ9g1XwyPfScOHUP0wK4=
-46,-6,azb6DL2UX6gGoq3d/Fce0vLQbnE=,VyfSz/ePP0YkXIBu5sFCPcjuZSY=
-47,-6,azb6DL2UX6gGoq3d/Fce0vLQbnE=,VyfSz/ePP0YkXIBu5sFCPcjuZSY=
-47,-7,azb6DL2UX6gGoq3d/Fce0vLQbnE=,VyfSz/ePP0YkXIBu5sFCPcjuZSY=
-46,-7,azb6DL2UX6gGoq3d/Fce0vLQbnE=,VyfSz/ePP0YkXIBu5sFCPcjuZSY=
-34,-6,Z27J04sI2i6fQC/pIA+67p1vJzk=,Jw3PhfXYXfzFOd49o+My1bp4PPY=
-34,-7,Z27J04sI2i6fQC/pIA+67p1vJzk=,Jw3PhfXYXfzFOd49o+My1bp4PPY=
-35,-7,Z27J04sI2i6fQC/pIA+67p1vJzk=,Jw3PhfXYXfzFOd49o+My1bp4PPY=
-35,-6,Z27J04sI2i6fQC/pIA+67p1vJzk=,Jw3PhfXYXfzFOd49o+My1bp4PPY=
-44,-4,azb6DL2UX6gGoq3d/Fce0vLQbnE=,P9pawspESgq7i/p78Ipew6Innfw=
-43,-4,azb6DL2UX6gGoq3d/Fce0vLQbnE=,P9pawspESgq7i/p78Ipew6Innfw=
-42,-4,azb6DL2UX6gGoq3d/Fce0vLQbnE=,P9pawspESgq7i/p78Ipew6Innfw=
-45,-6,azb6DL2UX6gGoq3d/Fce0vLQbnE=,VyfSz/ePP0YkXIBu5sFCPcjuZSY=
-45,-4,QsI4IvOzTsYPljdJmtHTqNbvZJw=,9cZ1xYxSQ9g1XwyPfScOHUP0wK4=
-42,-5,azb6DL2UX6gGoq3d/Fce0vLQbnE=,u5AehWUOSjRPKcQ0eGo1Cqi+zMA=
-43,-5,azb6DL2UX6gGoq3d/Fce0vLQbnE=,u5AehWUOSjRPKcQ0eGo1Cqi+zMA=
-45,-5,azb6DL2UX6gGoq3d/Fce0vLQbnE=,VyfSz/ePP0YkXIBu5sFCPcjuZSY=
-44,-5,azb6DL2UX6gGoq3d/Fce0vLQbnE=,u5AehWUOSjRPKcQ0eGo1Cqi+zMA=
-43,-7,azb6DL2UX6gGoq3d/Fce0vLQbnE=,u5AehWUOSjRPKcQ0eGo1Cqi+zMA=
-44,-7,azb6DL2UX6gGoq3d/Fce0vLQbnE=,u5AehWUOSjRPKcQ0eGo1Cqi+zMA=
-42,-6,azb6DL2UX6gGoq3d/Fce0vLQbnE=,u5AehWUOSjRPKcQ0eGo1Cqi+zMA=
-43,-6,azb6DL2UX6gGoq3d/Fce0vLQbnE=,u5AehWUOSjRPKcQ0eGo1Cqi+zMA=
-44,-6,azb6DL2UX6gGoq3d/Fce0vLQbnE=,u5AehWUOSjRPKcQ0eGo1Cqi+zMA=
-45,-7,azb6DL2UX6gGoq3d/Fce0vLQbnE=,VyfSz/ePP0YkXIBu5sFCPcjuZSY=
-40,-6,azb6DL2UX6gGoq3d/Fce0vLQbnE=,HieYIIVq9nijiOpFGdSqnYgRywE=
-36,-7,ue2FTKHHkM4bBmMr1YGMBnWbek8=,Jw3PhfXYXfzFOd49o+My1bp4PPY=
-37,-6,azb6DL2UX6gGoq3d/Fce0vLQbnE=,HieYIIVq9nijiOpFGdSqnYgRywE=
-41,-7,azb6DL2UX6gGoq3d/Fce0vLQbnE=,u5AehWUOSjRPKcQ0eGo1Cqi+zMA=
-42,-7,azb6DL2UX6gGoq3d/Fce0vLQbnE=,u5AehWUOSjRPKcQ0eGo1Cqi+zMA=
-38,-6,azb6DL2UX6gGoq3d/Fce0vLQbnE=,HieYIIVq9nijiOpFGdSqnYgRywE=
-41,-6,azb6DL2UX6gGoq3d/Fce0vLQbnE=,u5AehWUOSjRPKcQ0eGo1Cqi+zMA=
-36,-6,ue2FTKHHkM4bBmMr1YGMBnWbek8=,Jw3PhfXYXfzFOd49o+My1bp4PPY=
-39,-6,UFB2VZXzKvNL9cu4tX6UbTn3qd8=,HieYIIVq9nijiOpFGdSqnYgRywE=
-40,-7,azb6DL2UX6gGoq3d/Fce0vLQbnE=,HieYIIVq9nijiOpFGdSqnYgRywE=
-38,-7,azb6DL2UX6gGoq3d/Fce0vLQbnE=,HieYIIVq9nijiOpFGdSqnYgRywE=
-39,-7,azb6DL2UX6gGoq3d/Fce0vLQbnE=,HieYIIVq9nijiOpFGdSqnYgRywE=
-43,-11,SL29grDcVhTGtZbB2spNjLb91r8=,+irvQH5+V7rel446ePxsqypZHvM=
-43,-10,SL29grDcVhTGtZbB2spNjLb91r8=,+irvQH5+V7rel446ePxsqypZHvM=
-42,-11,SL29grDcVhTGtZbB2spNjLb91r8=,+irvQH5+V7rel446ePxsqypZHvM=
-43,-9,azb6DL2UX6gGoq3d/Fce0vLQbnE=,+irvQH5+V7rel446ePxsqypZHvM=
-42,-9,azb6DL2UX6gGoq3d/Fce0vLQbnE=,+irvQH5+V7rel446ePxsqypZHvM=
-42,-8,azb6DL2UX6gGoq3d/Fce0vLQbnE=,u5AehWUOSjRPKcQ0eGo1Cqi+zMA=
-42,-10,SL29grDcVhTGtZbB2spNjLb91r8=,+irvQH5+V7rel446ePxsqypZHvM=
-43,-8,azb6DL2UX6gGoq3d/Fce0vLQbnE=,u5AehWUOSjRPKcQ0eGo1Cqi+zMA=
-37,-7,azb6DL2UX6gGoq3d/Fce0vLQbnE=,HieYIIVq9nijiOpFGdSqnYgRywE=
-41,-4,azb6DL2UX6gGoq3d/Fce0vLQbnE=,P9pawspESgq7i/p78Ipew6Innfw=
-41,-3,azb6DL2UX6gGoq3d/Fce0vLQbnE=,P9pawspESgq7i/p78Ipew6Innfw=
-41,-5,azb6DL2UX6gGoq3d/Fce0vLQbnE=,u5AehWUOSjRPKcQ0eGo1Cqi+zMA=
-40,-5,azb6DL2UX6gGoq3d/Fce0vLQbnE=,HieYIIVq9nijiOpFGdSqnYgRywE=
-41,-2,azb6DL2UX6gGoq3d/Fce0vLQbnE=,P9pawspESgq7i/p78Ipew6Innfw=
-40,-2,azb6DL2UX6gGoq3d/Fce0vLQbnE=,zlDJb/VAqqRmu1L8C3+IzfWw4wI=
-39,-5,azb6DL2UX6gGoq3d/Fce0vLQbnE=,HieYIIVq9nijiOpFGdSqnYgRywE=
-39,-3,azb6DL2UX6gGoq3d/Fce0vLQbnE=,zlDJb/VAqqRmu1L8C3+IzfWw4wI=
-38,-4,azb6DL2UX6gGoq3d/Fce0vLQbnE=,zlDJb/VAqqRmu1L8C3+IzfWw4wI=
-39,-2,azb6DL2UX6gGoq3d/Fce0vLQbnE=,zlDJb/VAqqRmu1L8C3+IzfWw4wI=
-40,-4,azb6DL2UX6gGoq3d/Fce0vLQbnE=,zlDJb/VAqqRmu1L8C3+IzfWw4wI=
-39,-4,azb6DL2UX6gGoq3d/Fce0vLQbnE=,zlDJb/VAqqRmu1L8C3+IzfWw4wI=
-37,-2,azb6DL2UX6gGoq3d/Fce0vLQbnE=,zlDJb/VAqqRmu1L8C3+IzfWw4wI=
-37,-4,azb6DL2UX6gGoq3d/Fce0vLQbnE=,zlDJb/VAqqRmu1L8C3+IzfWw4wI=
-38,-2,azb6DL2UX6gGoq3d/Fce0vLQbnE=,zlDJb/VAqqRmu1L8C3+IzfWw4wI=
-36,-5,ue2FTKHHkM4bBmMr1YGMBnWbek8=,Jw3PhfXYXfzFOd49o+My1bp4PPY=
-37,-5,azb6DL2UX6gGoq3d/Fce0vLQbnE=,HieYIIVq9nijiOpFGdSqnYgRywE=
-36,-2,azb6DL2UX6gGoq3d/Fce0vLQbnE=,dlDh0q23RMqroyvUfBgMxDDUycg=
-34,-3,azb6DL2UX6gGoq3d/Fce0vLQbnE=,dlDh0q23RMqroyvUfBgMxDDUycg=
-35,-3,azb6DL2UX6gGoq3d/Fce0vLQbnE=,dlDh0q23RMqroyvUfBgMxDDUycg=
-35,-5,ue2FTKHHkM4bBmMr1YGMBnWbek8=,Jw3PhfXYXfzFOd49o+My1bp4PPY=
-38,-3,azb6DL2UX6gGoq3d/Fce0vLQbnE=,zlDJb/VAqqRmu1L8C3+IzfWw4wI=
-34,-5,ue2FTKHHkM4bBmMr1YGMBnWbek8=,Jw3PhfXYXfzFOd49o+My1bp4PPY=
-36,-3,azb6DL2UX6gGoq3d/Fce0vLQbnE=,dlDh0q23RMqroyvUfBgMxDDUycg=
-40,-3,azb6DL2UX6gGoq3d/Fce0vLQbnE=,zlDJb/VAqqRmu1L8C3+IzfWw4wI=
-34,-2,azb6DL2UX6gGoq3d/Fce0vLQbnE=,dlDh0q23RMqroyvUfBgMxDDUycg=
-34,-4,azb6DL2UX6gGoq3d/Fce0vLQbnE=,dlDh0q23RMqroyvUfBgMxDDUycg=
-35,-4,azb6DL2UX6gGoq3d/Fce0vLQbnE=,dlDh0q23RMqroyvUfBgMxDDUycg=
-38,-5,azb6DL2UX6gGoq3d/Fce0vLQbnE=,HieYIIVq9nijiOpFGdSqnYgRywE=
-36,-4,azb6DL2UX6gGoq3d/Fce0vLQbnE=,dlDh0q23RMqroyvUfBgMxDDUycg=
-35,-2,azb6DL2UX6gGoq3d/Fce0vLQbnE=,dlDh0q23RMqroyvUfBgMxDDUycg=
-37,-3,azb6DL2UX6gGoq3d/Fce0vLQbnE=,zlDJb/VAqqRmu1L8C3+IzfWw4wI=
-39,-15,ue2FTKHHkM4bBmMr1YGMBnWbek8=,0g2y0OxkF0KQIDoz+GdGi2bpDeg=
-38,-15,ue2FTKHHkM4bBmMr1YGMBnWbek8=,0g2y0OxkF0KQIDoz+GdGi2bpDeg=
-39,-14,ue2FTKHHkM4bBmMr1YGMBnWbek8=,0g2y0OxkF0KQIDoz+GdGi2bpDeg=
-38,-14,ue2FTKHHkM4bBmMr1YGMBnWbek8=,0g2y0OxkF0KQIDoz+GdGi2bpDeg=
-40,-15,ue2FTKHHkM4bBmMr1YGMBnWbek8=,0g2y0OxkF0KQIDoz+GdGi2bpDeg=
-40,-14,ue2FTKHHkM4bBmMr1YGMBnWbek8=,0g2y0OxkF0KQIDoz+GdGi2bpDeg=
-43,-12,azb6DL2UX6gGoq3d/Fce0vLQbnE=,+irvQH5+V7rel446ePxsqypZHvM=
-39,-16,ue2FTKHHkM4bBmMr1YGMBnWbek8=,0g2y0OxkF0KQIDoz+GdGi2bpDeg=
-38,-16,ue2FTKHHkM4bBmMr1YGMBnWbek8=,0g2y0OxkF0KQIDoz+GdGi2bpDeg=
-42,-12,azb6DL2UX6gGoq3d/Fce0vLQbnE=,+irvQH5+V7rel446ePxsqypZHvM=
-33,-7,ue2FTKHHkM4bBmMr1YGMBnWbek8=,Jw3PhfXYXfzFOd49o+My1bp4PPY=
-33,-4,azb6DL2UX6gGoq3d/Fce0vLQbnE=,dlDh0q23RMqroyvUfBgMxDDUycg=
-33,-6,ue2FTKHHkM4bBmMr1YGMBnWbek8=,Jw3PhfXYXfzFOd49o+My1bp4PPY=
-33,-3,azb6DL2UX6gGoq3d/Fce0vLQbnE=,dlDh0q23RMqroyvUfBgMxDDUycg=
-33,-5,ue2FTKHHkM4bBmMr1YGMBnWbek8=,Jw3PhfXYXfzFOd49o+My1bp4PPY=
-47,-1,ue2FTKHHkM4bBmMr1YGMBnWbek8=,9cZ1xYxSQ9g1XwyPfScOHUP0wK4=
-46,-1,ue2FTKHHkM4bBmMr1YGMBnWbek8=,9cZ1xYxSQ9g1XwyPfScOHUP0wK4=
-44,-1,azb6DL2UX6gGoq3d/Fce0vLQbnE=,P9pawspESgq7i/p78Ipew6Innfw=
-43,-1,azb6DL2UX6gGoq3d/Fce0vLQbnE=,P9pawspESgq7i/p78Ipew6Innfw=
-42,-1,azb6DL2UX6gGoq3d/Fce0vLQbnE=,P9pawspESgq7i/p78Ipew6Innfw=
-45,-1,ue2FTKHHkM4bBmMr1YGMBnWbek8=,9cZ1xYxSQ9g1XwyPfScOHUP0wK4=
-33,-2,azb6DL2UX6gGoq3d/Fce0vLQbnE=,dlDh0q23RMqroyvUfBgMxDDUycg=
-35,-1,azb6DL2UX6gGoq3d/Fce0vLQbnE=,dlDh0q23RMqroyvUfBgMxDDUycg=
-34,-1,azb6DL2UX6gGoq3d/Fce0vLQbnE=,dlDh0q23RMqroyvUfBgMxDDUycg=
-34,-16,ue2FTKHHkM4bBmMr1YGMBnWbek8=,X1EcZwV7pIo4Vqfdxv8WUx92l5Y=
-36,-16,ue2FTKHHkM4bBmMr1YGMBnWbek8=,X1EcZwV7pIo4Vqfdxv8WUx92l5Y=
-34,-14,ue2FTKHHkM4bBmMr1YGMBnWbek8=,X1EcZwV7pIo4Vqfdxv8WUx92l5Y=
-37,-16,ue2FTKHHkM4bBmMr1YGMBnWbek8=,0g2y0OxkF0KQIDoz+GdGi2bpDeg=
-35,-16,ue2FTKHHkM4bBmMr1YGMBnWbek8=,X1EcZwV7pIo4Vqfdxv8WUx92l5Y=
-35,-14,ue2FTKHHkM4bBmMr1YGMBnWbek8=,X1EcZwV7pIo4Vqfdxv8WUx92l5Y=
-36,-14,ue2FTKHHkM4bBmMr1YGMBnWbek8=,X1EcZwV7pIo4Vqfdxv8WUx92l5Y=
-34,-15,ue2FTKHHkM4bBmMr1YGMBnWbek8=,X1EcZwV7pIo4Vqfdxv8WUx92l5Y=
-33,-15,ue2FTKHHkM4bBmMr1YGMBnWbek8=,X1EcZwV7pIo4Vqfdxv8WUx92l5Y=
-35,-15,ue2FTKHHkM4bBmMr1YGMBnWbek8=,X1EcZwV7pIo4Vqfdxv8WUx92l5Y=
-36,-15,ue2FTKHHkM4bBmMr1YGMBnWbek8=,X1EcZwV7pIo4Vqfdxv8WUx92l5Y=
-37,-14,ue2FTKHHkM4bBmMr1YGMBnWbek8=,0g2y0OxkF0KQIDoz+GdGi2bpDeg=
-37,-15,ue2FTKHHkM4bBmMr1YGMBnWbek8=,0g2y0OxkF0KQIDoz+GdGi2bpDeg=
-33,-16,ue2FTKHHkM4bBmMr1YGMBnWbek8=,X1EcZwV7pIo4Vqfdxv8WUx92l5Y=
-48,-7,azb6DL2UX6gGoq3d/Fce0vLQbnE=,VyfSz/ePP0YkXIBu5sFCPcjuZSY=
-48,-6,azb6DL2UX6gGoq3d/Fce0vLQbnE=,VyfSz/ePP0YkXIBu5sFCPcjuZSY=
-48,-5,azb6DL2UX6gGoq3d/Fce0vLQbnE=,VyfSz/ePP0YkXIBu5sFCPcjuZSY=
-48,-2,ue2FTKHHkM4bBmMr1YGMBnWbek8=,9cZ1xYxSQ9g1XwyPfScOHUP0wK4=
-48,-3,ue2FTKHHkM4bBmMr1YGMBnWbek8=,9cZ1xYxSQ9g1XwyPfScOHUP0wK4=
-48,-4,ue2FTKHHkM4bBmMr1YGMBnWbek8=,9cZ1xYxSQ9g1XwyPfScOHUP0wK4=
-48,-1,ue2FTKHHkM4bBmMr1YGMBnWbek8=,9cZ1xYxSQ9g1XwyPfScOHUP0wK4=
-40,-16,ue2FTKHHkM4bBmMr1YGMBnWbek8=,0g2y0OxkF0KQIDoz+GdGi2bpDeg=
-33,-14,ue2FTKHHkM4bBmMr1YGMBnWbek8=,X1EcZwV7pIo4Vqfdxv8WUx92l5Y=
-45,-10,Oico5aLltjcPYDEdciRcP3GYDo0=,q3ZosL8gTX6nKPO/uthmkmLFCzc=
-46,-10,Oico5aLltjcPYDEdciRcP3GYDo0=,q3ZosL8gTX6nKPO/uthmkmLFCzc=
-45,-12,Oico5aLltjcPYDEdciRcP3GYDo0=,q3ZosL8gTX6nKPO/uthmkmLFCzc=
-44,-9,azb6DL2UX6gGoq3d/Fce0vLQbnE=,+irvQH5+V7rel446ePxsqypZHvM=
-48,-11,Oico5aLltjcPYDEdciRcP3GYDo0=,q3ZosL8gTX6nKPO/uthmkmLFCzc=
-46,-11,Oico5aLltjcPYDEdciRcP3GYDo0=,q3ZosL8gTX6nKPO/uthmkmLFCzc=
-47,-11,Oico5aLltjcPYDEdciRcP3GYDo0=,q3ZosL8gTX6nKPO/uthmkmLFCzc=
-45,-11,Oico5aLltjcPYDEdciRcP3GYDo0=,q3ZosL8gTX6nKPO/uthmkmLFCzc=
-48,-10,Oico5aLltjcPYDEdciRcP3GYDo0=,q3ZosL8gTX6nKPO/uthmkmLFCzc=
-47,-10,Oico5aLltjcPYDEdciRcP3GYDo0=,q3ZosL8gTX6nKPO/uthmkmLFCzc=
-44,-10,azb6DL2UX6gGoq3d/Fce0vLQbnE=,+irvQH5+V7rel446ePxsqypZHvM=
-46,-12,Oico5aLltjcPYDEdciRcP3GYDo0=,q3ZosL8gTX6nKPO/uthmkmLFCzc=
-47,-12,Oico5aLltjcPYDEdciRcP3GYDo0=,q3ZosL8gTX6nKPO/uthmkmLFCzc=
-44,-11,azb6DL2UX6gGoq3d/Fce0vLQbnE=,+irvQH5+V7rel446ePxsqypZHvM=
-44,-12,azb6DL2UX6gGoq3d/Fce0vLQbnE=,+irvQH5+V7rel446ePxsqypZHvM=
-47,-8,azb6DL2UX6gGoq3d/Fce0vLQbnE=,VyfSz/ePP0YkXIBu5sFCPcjuZSY=
-45,-9,Oico5aLltjcPYDEdciRcP3GYDo0=,q3ZosL8gTX6nKPO/uthmkmLFCzc=
-48,-8,azb6DL2UX6gGoq3d/Fce0vLQbnE=,VyfSz/ePP0YkXIBu5sFCPcjuZSY=
-46,-9,Oico5aLltjcPYDEdciRcP3GYDo0=,q3ZosL8gTX6nKPO/uthmkmLFCzc=
-47,-9,Oico5aLltjcPYDEdciRcP3GYDo0=,q3ZosL8gTX6nKPO/uthmkmLFCzc=
-48,-9,Oico5aLltjcPYDEdciRcP3GYDo0=,q3ZosL8gTX6nKPO/uthmkmLFCzc=
-48,-12,Oico5aLltjcPYDEdciRcP3GYDo0=,q3ZosL8gTX6nKPO/uthmkmLFCzc=
-44,-8,azb6DL2UX6gGoq3d/Fce0vLQbnE=,u5AehWUOSjRPKcQ0eGo1Cqi+zMA=
-46,-8,azb6DL2UX6gGoq3d/Fce0vLQbnE=,VyfSz/ePP0YkXIBu5sFCPcjuZSY=
-33,-1,azb6DL2UX6gGoq3d/Fce0vLQbnE=,dlDh0q23RMqroyvUfBgMxDDUycg=
-45,-8,azb6DL2UX6gGoq3d/Fce0vLQbnE=,VyfSz/ePP0YkXIBu5sFCPcjuZSY=
-36,-1,azb6DL2UX6gGoq3d/Fce0vLQbnE=,dlDh0q23RMqroyvUfBgMxDDUycg=
-41,-1,azb6DL2UX6gGoq3d/Fce0vLQbnE=,P9pawspESgq7i/p78Ipew6Innfw=
-39,-1,azb6DL2UX6gGoq3d/Fce0vLQbnE=,zlDJb/VAqqRmu1L8C3+IzfWw4wI=
-40,-1,azb6DL2UX6gGoq3d/Fce0vLQbnE=,zlDJb/VAqqRmu1L8C3+IzfWw4wI=
-37,-1,azb6DL2UX6gGoq3d/Fce0vLQbnE=,zlDJb/VAqqRmu1L8C3+IzfWw4wI=
-38,-1,azb6DL2UX6gGoq3d/Fce0vLQbnE=,zlDJb/VAqqRmu1L8C3+IzfWw4wI=
-34,-10,ue2FTKHHkM4bBmMr1YGMBnWbek8=,c67M/MRum4fk3B9hMVoHdNxUZ8M=
-33,-10,ue2FTKHHkM4bBmMr1YGMBnWbek8=,c67M/MRum4fk3B9hMVoHdNxUZ8M=
-35,-9,ue2FTKHHkM4bBmMr1YGMBnWbek8=,c67M/MRum4fk3B9hMVoHdNxUZ8M=
-33,-9,ue2FTKHHkM4bBmMr1YGMBnWbek8=,c67M/MRum4fk3B9hMVoHdNxUZ8M=
-34,-9,ue2FTKHHkM4bBmMr1YGMBnWbek8=,c67M/MRum4fk3B9hMVoHdNxUZ8M=
-34,-13,ue2FTKHHkM4bBmMr1YGMBnWbek8=,X1EcZwV7pIo4Vqfdxv8WUx92l5Y=
-34,-8,ue2FTKHHkM4bBmMr1YGMBnWbek8=,Jw3PhfXYXfzFOd49o+My1bp4PPY=
-35,-8,ue2FTKHHkM4bBmMr1YGMBnWbek8=,Jw3PhfXYXfzFOd49o+My1bp4PPY=
-35,-12,ue2FTKHHkM4bBmMr1YGMBnWbek8=,c67M/MRum4fk3B9hMVoHdNxUZ8M=
-35,-13,ue2FTKHHkM4bBmMr1YGMBnWbek8=,X1EcZwV7pIo4Vqfdxv8WUx92l5Y=
-33,-11,ue2FTKHHkM4bBmMr1YGMBnWbek8=,c67M/MRum4fk3B9hMVoHdNxUZ8M=
-33,-8,ue2FTKHHkM4bBmMr1YGMBnWbek8=,Jw3PhfXYXfzFOd49o+My1bp4PPY=
-35,-10,ue2FTKHHkM4bBmMr1YGMBnWbek8=,c67M/MRum4fk3B9hMVoHdNxUZ8M=
-36,-9,ue2FTKHHkM4bBmMr1YGMBnWbek8=,c67M/MRum4fk3B9hMVoHdNxUZ8M=
-34,-12,ue2FTKHHkM4bBmMr1YGMBnWbek8=,c67M/MRum4fk3B9hMVoHdNxUZ8M=
-34,-11,ue2FTKHHkM4bBmMr1YGMBnWbek8=,c67M/MRum4fk3B9hMVoHdNxUZ8M=
-33,-13,ue2FTKHHkM4bBmMr1YGMBnWbek8=,X1EcZwV7pIo4Vqfdxv8WUx92l5Y=
-33,-12,ue2FTKHHkM4bBmMr1YGMBnWbek8=,c67M/MRum4fk3B9hMVoHdNxUZ8M=
-41,-8,azb6DL2UX6gGoq3d/Fce0vLQbnE=,u5AehWUOSjRPKcQ0eGo1Cqi+zMA=
-41,-10,azb6DL2UX6gGoq3d/Fce0vLQbnE=,+irvQH5+V7rel446ePxsqypZHvM=
-35,-11,ue2FTKHHkM4bBmMr1YGMBnWbek8=,c67M/MRum4fk3B9hMVoHdNxUZ8M=
-41,-11,azb6DL2UX6gGoq3d/Fce0vLQbnE=,+irvQH5+V7rel446ePxsqypZHvM=
-36,-8,ue2FTKHHkM4bBmMr1YGMBnWbek8=,Jw3PhfXYXfzFOd49o+My1bp4PPY=
-36,-12,ue2FTKHHkM4bBmMr1YGMBnWbek8=,c67M/MRum4fk3B9hMVoHdNxUZ8M=
-41,-9,azb6DL2UX6gGoq3d/Fce0vLQbnE=,+irvQH5+V7rel446ePxsqypZHvM=
-38,-8,azb6DL2UX6gGoq3d/Fce0vLQbnE=,HieYIIVq9nijiOpFGdSqnYgRywE=
-39,-10,ue2FTKHHkM4bBmMr1YGMBnWbek8=,D1oY6GpeKeV4hR8DRrMTxo01KiU=
-37,-10,ue2FTKHHkM4bBmMr1YGMBnWbek8=,D1oY6GpeKeV4hR8DRrMTxo01KiU=
-38,-10,ue2FTKHHkM4bBmMr1YGMBnWbek8=,D1oY6GpeKeV4hR8DRrMTxo01KiU=
-37,-12,ue2FTKHHkM4bBmMr1YGMBnWbek8=,D1oY6GpeKeV4hR8DRrMTxo01KiU=
-40,-8,azb6DL2UX6gGoq3d/Fce0vLQbnE=,HieYIIVq9nijiOpFGdSqnYgRywE=
-41,-12,azb6DL2UX6gGoq3d/Fce0vLQbnE=,+irvQH5+V7rel446ePxsqypZHvM=
-39,-8,azb6DL2UX6gGoq3d/Fce0vLQbnE=,HieYIIVq9nijiOpFGdSqnYgRywE=
-36,-11,ue2FTKHHkM4bBmMr1YGMBnWbek8=,c67M/MRum4fk3B9hMVoHdNxUZ8M=
-40,-10,ue2FTKHHkM4bBmMr1YGMBnWbek8=,D1oY6GpeKeV4hR8DRrMTxo01KiU=
-37,-11,ue2FTKHHkM4bBmMr1YGMBnWbek8=,D1oY6GpeKeV4hR8DRrMTxo01KiU=
-40,-9,ue2FTKHHkM4bBmMr1YGMBnWbek8=,D1oY6GpeKeV4hR8DRrMTxo01KiU=
-36,-13,ue2FTKHHkM4bBmMr1YGMBnWbek8=,X1EcZwV7pIo4Vqfdxv8WUx92l5Y=
-39,-9,ue2FTKHHkM4bBmMr1YGMBnWbek8=,D1oY6GpeKeV4hR8DRrMTxo01KiU=
-36,-10,ue2FTKHHkM4bBmMr1YGMBnWbek8=,c67M/MRum4fk3B9hMVoHdNxUZ8M=
-38,-12,ue2FTKHHkM4bBmMr1YGMBnWbek8=,D1oY6GpeKeV4hR8DRrMTxo01KiU=
-38,-9,ue2FTKHHkM4bBmMr1YGMBnWbek8=,D1oY6GpeKeV4hR8DRrMTxo01KiU=
-40,-13,ue2FTKHHkM4bBmMr1YGMBnWbek8=,0g2y0OxkF0KQIDoz+GdGi2bpDeg=
-39,-13,ue2FTKHHkM4bBmMr1YGMBnWbek8=,0g2y0OxkF0KQIDoz+GdGi2bpDeg=
-39,-11,ue2FTKHHkM4bBmMr1YGMBnWbek8=,D1oY6GpeKeV4hR8DRrMTxo01KiU=
-40,-11,ue2FTKHHkM4bBmMr1YGMBnWbek8=,D1oY6GpeKeV4hR8DRrMTxo01KiU=
-37,-8,azb6DL2UX6gGoq3d/Fce0vLQbnE=,HieYIIVq9nijiOpFGdSqnYgRywE=
-38,-11,ue2FTKHHkM4bBmMr1YGMBnWbek8=,D1oY6GpeKeV4hR8DRrMTxo01KiU=
-38,-13,ue2FTKHHkM4bBmMr1YGMBnWbek8=,0g2y0OxkF0KQIDoz+GdGi2bpDeg=
-40,-12,ue2FTKHHkM4bBmMr1YGMBnWbek8=,D1oY6GpeKeV4hR8DRrMTxo01KiU=
-39,-12,ue2FTKHHkM4bBmMr1YGMBnWbek8=,D1oY6GpeKeV4hR8DRrMTxo01KiU=
-37,-9,ue2FTKHHkM4bBmMr1YGMBnWbek8=,D1oY6GpeKeV4hR8DRrMTxo01KiU=
-37,-13,ue2FTKHHkM4bBmMr1YGMBnWbek8=,0g2y0OxkF0KQIDoz+GdGi2bpDeg=
-42,-14,o4vvX8bRT3P5h/frgKzzeadM3R0=,i+XvDmQ6hOcQMGU5Qtfx4DQpVX0=
-42,-15,o4vvX8bRT3P5h/frgKzzeadM3R0=,i+XvDmQ6hOcQMGU5Qtfx4DQpVX0=
-43,-14,o4vvX8bRT3P5h/frgKzzeadM3R0=,i+XvDmQ6hOcQMGU5Qtfx4DQpVX0=
-43,-15,o4vvX8bRT3P5h/frgKzzeadM3R0=,i+XvDmQ6hOcQMGU5Qtfx4DQpVX0=
-43,-16,Oico5aLltjcPYDEdciRcP3GYDo0=,i+XvDmQ6hOcQMGU5Qtfx4DQpVX0=
-42,-16,Oico5aLltjcPYDEdciRcP3GYDo0=,i+XvDmQ6hOcQMGU5Qtfx4DQpVX0=
-41,-14,Oico5aLltjcPYDEdciRcP3GYDo0=,i+XvDmQ6hOcQMGU5Qtfx4DQpVX0=
-41,-16,Oico5aLltjcPYDEdciRcP3GYDo0=,i+XvDmQ6hOcQMGU5Qtfx4DQpVX0=
-41,-15,Oico5aLltjcPYDEdciRcP3GYDo0=,i+XvDmQ6hOcQMGU5Qtfx4DQpVX0=
-41,-13,Oico5aLltjcPYDEdciRcP3GYDo0=,i+XvDmQ6hOcQMGU5Qtfx4DQpVX0=
-42,-13,Oico5aLltjcPYDEdciRcP3GYDo0=,i+XvDmQ6hOcQMGU5Qtfx4DQpVX0=
-43,-13,Oico5aLltjcPYDEdciRcP3GYDo0=,i+XvDmQ6hOcQMGU5Qtfx4DQpVX0=
-44,-16,Oico5aLltjcPYDEdciRcP3GYDo0=,i+XvDmQ6hOcQMGU5Qtfx4DQpVX0=
-44,-15,Oico5aLltjcPYDEdciRcP3GYDo0=,i+XvDmQ6hOcQMGU5Qtfx4DQpVX0=
-48,-15,Oico5aLltjcPYDEdciRcP3GYDo0=,iqjMxyyUoqAmcUT+LA1lY+KvHsY=
-47,-15,Oico5aLltjcPYDEdciRcP3GYDo0=,iqjMxyyUoqAmcUT+LA1lY+KvHsY=
-45,-16,Oico5aLltjcPYDEdciRcP3GYDo0=,iqjMxyyUoqAmcUT+LA1lY+KvHsY=
-46,-15,Oico5aLltjcPYDEdciRcP3GYDo0=,iqjMxyyUoqAmcUT+LA1lY+KvHsY=
-46,-16,Oico5aLltjcPYDEdciRcP3GYDo0=,iqjMxyyUoqAmcUT+LA1lY+KvHsY=
-47,-16,Oico5aLltjcPYDEdciRcP3GYDo0=,iqjMxyyUoqAmcUT+LA1lY+KvHsY=
-47,-14,Oico5aLltjcPYDEdciRcP3GYDo0=,iqjMxyyUoqAmcUT+LA1lY+KvHsY=
-48,-14,Oico5aLltjcPYDEdciRcP3GYDo0=,iqjMxyyUoqAmcUT+LA1lY+KvHsY=
-48,-16,Oico5aLltjcPYDEdciRcP3GYDo0=,iqjMxyyUoqAmcUT+LA1lY+KvHsY=
-44,-14,Oico5aLltjcPYDEdciRcP3GYDo0=,i+XvDmQ6hOcQMGU5Qtfx4DQpVX0=
-46,-14,Oico5aLltjcPYDEdciRcP3GYDo0=,iqjMxyyUoqAmcUT+LA1lY+KvHsY=
-45,-15,Oico5aLltjcPYDEdciRcP3GYDo0=,iqjMxyyUoqAmcUT+LA1lY+KvHsY=
-48,-13,Oico5aLltjcPYDEdciRcP3GYDo0=,iqjMxyyUoqAmcUT+LA1lY+KvHsY=
-47,-13,Oico5aLltjcPYDEdciRcP3GYDo0=,iqjMxyyUoqAmcUT+LA1lY+KvHsY=
-45,-14,Oico5aLltjcPYDEdciRcP3GYDo0=,iqjMxyyUoqAmcUT+LA1lY+KvHsY=
-46,-13,Oico5aLltjcPYDEdciRcP3GYDo0=,iqjMxyyUoqAmcUT+LA1lY+KvHsY=
-45,-13,Oico5aLltjcPYDEdciRcP3GYDo0=,iqjMxyyUoqAmcUT+LA1lY+KvHsY=
-44,-13,Oico5aLltjcPYDEdciRcP3GYDo0=,i+XvDmQ6hOcQMGU5Qtfx4DQpVX0=
-62,-26,Oico5aLltjcPYDEdciRcP3GYDo0=,vkhKpsMPbpuWWYnD0aZVXYutrmw=
-63,-27,Oico5aLltjcPYDEdciRcP3GYDo0=,vkhKpsMPbpuWWYnD0aZVXYutrmw=
-62,-27,Oico5aLltjcPYDEdciRcP3GYDo0=,vkhKpsMPbpuWWYnD0aZVXYutrmw=
-63,-26,Oico5aLltjcPYDEdciRcP3GYDo0=,vkhKpsMPbpuWWYnD0aZVXYutrmw=
-58,-22,Oico5aLltjcPYDEdciRcP3GYDo0=,ujD0PkycAWrVX9uOKvLyl4H0BI0=
-59,-22,wuy6O8QiwO77eg5D3EO6TiYS30w=,ujD0PkycAWrVX9uOKvLyl4H0BI0=
-58,-23,wuy6O8QiwO77eg5D3EO6TiYS30w=,ujD0PkycAWrVX9uOKvLyl4H0BI0=
-59,-23,wuy6O8QiwO77eg5D3EO6TiYS30w=,ujD0PkycAWrVX9uOKvLyl4H0BI0=
-61,-26,wuy6O8QiwO77eg5D3EO6TiYS30w=,vkhKpsMPbpuWWYnD0aZVXYutrmw=
-61,-27,wuy6O8QiwO77eg5D3EO6TiYS30w=,vkhKpsMPbpuWWYnD0aZVXYutrmw=
-57,-27,wuy6O8QiwO77eg5D3EO6TiYS30w=,mqHC0TN6cWuM0V3Legt+OD8C3FA=
-60,-26,wuy6O8QiwO77eg5D3EO6TiYS30w=,mqHC0TN6cWuM0V3Legt+OD8C3FA=
-60,-27,wuy6O8QiwO77eg5D3EO6TiYS30w=,mqHC0TN6cWuM0V3Legt+OD8C3FA=
-58,-27,wuy6O8QiwO77eg5D3EO6TiYS30w=,mqHC0TN6cWuM0V3Legt+OD8C3FA=
-59,-24,wuy6O8QiwO77eg5D3EO6TiYS30w=,ujD0PkycAWrVX9uOKvLyl4H0BI0=
-58,-24,wuy6O8QiwO77eg5D3EO6TiYS30w=,ujD0PkycAWrVX9uOKvLyl4H0BI0=
-57,-26,wuy6O8QiwO77eg5D3EO6TiYS30w=,mqHC0TN6cWuM0V3Legt+OD8C3FA=
-59,-25,wuy6O8QiwO77eg5D3EO6TiYS30w=,mqHC0TN6cWuM0V3Legt+OD8C3FA=
-59,-27,wuy6O8QiwO77eg5D3EO6TiYS30w=,mqHC0TN6cWuM0V3Legt+OD8C3FA=
-59,-26,wuy6O8QiwO77eg5D3EO6TiYS30w=,mqHC0TN6cWuM0V3Legt+OD8C3FA=
-58,-26,wuy6O8QiwO77eg5D3EO6TiYS30w=,mqHC0TN6cWuM0V3Legt+OD8C3FA=
-58,-29,wuy6O8QiwO77eg5D3EO6TiYS30w=,RVWid6caZcREoHchs8n2AFnLaAA=
-58,-25,wuy6O8QiwO77eg5D3EO6TiYS30w=,mqHC0TN6cWuM0V3Legt+OD8C3FA=
-59,-29,wuy6O8QiwO77eg5D3EO6TiYS30w=,RVWid6caZcREoHchs8n2AFnLaAA=
-58,-30,wuy6O8QiwO77eg5D3EO6TiYS30w=,RVWid6caZcREoHchs8n2AFnLaAA=
-59,-30,wuy6O8QiwO77eg5D3EO6TiYS30w=,RVWid6caZcREoHchs8n2AFnLaAA=
-58,-31,wuy6O8QiwO77eg5D3EO6TiYS30w=,RVWid6caZcREoHchs8n2AFnLaAA=
-59,-31,wuy6O8QiwO77eg5D3EO6TiYS30w=,RVWid6caZcREoHchs8n2AFnLaAA=
-59,-28,wuy6O8QiwO77eg5D3EO6TiYS30w=,mqHC0TN6cWuM0V3Legt+OD8C3FA=
-58,-28,wuy6O8QiwO77eg5D3EO6TiYS30w=,mqHC0TN6cWuM0V3Legt+OD8C3FA=
-57,-22,wuy6O8QiwO77eg5D3EO6TiYS30w=,ujD0PkycAWrVX9uOKvLyl4H0BI0=
-55,-24,wuy6O8QiwO77eg5D3EO6TiYS30w=,tik7TEFHkiY1ZAttCHc6Oqf9OFU=
-54,-23,wuy6O8QiwO77eg5D3EO6TiYS30w=,tik7TEFHkiY1ZAttCHc6Oqf9OFU=
-56,-22,wuy6O8QiwO77eg5D3EO6TiYS30w=,tik7TEFHkiY1ZAttCHc6Oqf9OFU=
-57,-23,wuy6O8QiwO77eg5D3EO6TiYS30w=,ujD0PkycAWrVX9uOKvLyl4H0BI0=
-55,-23,wuy6O8QiwO77eg5D3EO6TiYS30w=,tik7TEFHkiY1ZAttCHc6Oqf9OFU=
-55,-22,wuy6O8QiwO77eg5D3EO6TiYS30w=,tik7TEFHkiY1ZAttCHc6Oqf9OFU=
-55,-18,wuy6O8QiwO77eg5D3EO6TiYS30w=,37wLFsww/v5jQW1PihTfGyrOdXs=
-55,-21,wuy6O8QiwO77eg5D3EO6TiYS30w=,tik7TEFHkiY1ZAttCHc6Oqf9OFU=
-56,-24,wuy6O8QiwO77eg5D3EO6TiYS30w=,tik7TEFHkiY1ZAttCHc6Oqf9OFU=
-55,-20,wuy6O8QiwO77eg5D3EO6TiYS30w=,37wLFsww/v5jQW1PihTfGyrOdXs=
-54,-19,wuy6O8QiwO77eg5D3EO6TiYS30w=,37wLFsww/v5jQW1PihTfGyrOdXs=
-54,-18,wuy6O8QiwO77eg5D3EO6TiYS30w=,37wLFsww/v5jQW1PihTfGyrOdXs=
-55,-19,wuy6O8QiwO77eg5D3EO6TiYS30w=,37wLFsww/v5jQW1PihTfGyrOdXs=
-57,-24,wuy6O8QiwO77eg5D3EO6TiYS30w=,ujD0PkycAWrVX9uOKvLyl4H0BI0=
-54,-22,wuy6O8QiwO77eg5D3EO6TiYS30w=,tik7TEFHkiY1ZAttCHc6Oqf9OFU=
-54,-24,wuy6O8QiwO77eg5D3EO6TiYS30w=,tik7TEFHkiY1ZAttCHc6Oqf9OFU=
-53,-23,wuy6O8QiwO77eg5D3EO6TiYS30w=,tik7TEFHkiY1ZAttCHc6Oqf9OFU=
-53,-22,wuy6O8QiwO77eg5D3EO6TiYS30w=,tik7TEFHkiY1ZAttCHc6Oqf9OFU=
-54,-20,wuy6O8QiwO77eg5D3EO6TiYS30w=,37wLFsww/v5jQW1PihTfGyrOdXs=
-57,-25,wuy6O8QiwO77eg5D3EO6TiYS30w=,mqHC0TN6cWuM0V3Legt+OD8C3FA=
-54,-21,wuy6O8QiwO77eg5D3EO6TiYS30w=,tik7TEFHkiY1ZAttCHc6Oqf9OFU=
-56,-23,wuy6O8QiwO77eg5D3EO6TiYS30w=,tik7TEFHkiY1ZAttCHc6Oqf9OFU=
-55,-17,wuy6O8QiwO77eg5D3EO6TiYS30w=,37wLFsww/v5jQW1PihTfGyrOdXs=
-58,-32,wuy6O8QiwO77eg5D3EO6TiYS30w=,RVWid6caZcREoHchs8n2AFnLaAA=
-59,-32,wuy6O8QiwO77eg5D3EO6TiYS30w=,RVWid6caZcREoHchs8n2AFnLaAA=
-64,-26,wuy6O8QiwO77eg5D3EO6TiYS30w=,vkhKpsMPbpuWWYnD0aZVXYutrmw=
-54,-17,wuy6O8QiwO77eg5D3EO6TiYS30w=,37wLFsww/v5jQW1PihTfGyrOdXs=
-57,-21,wuy6O8QiwO77eg5D3EO6TiYS30w=,ujD0PkycAWrVX9uOKvLyl4H0BI0=
-58,-21,wuy6O8QiwO77eg5D3EO6TiYS30w=,ujD0PkycAWrVX9uOKvLyl4H0BI0=
-59,-21,wuy6O8QiwO77eg5D3EO6TiYS30w=,ujD0PkycAWrVX9uOKvLyl4H0BI0=
-64,-27,wuy6O8QiwO77eg5D3EO6TiYS30w=,vkhKpsMPbpuWWYnD0aZVXYutrmw=
-56,-19,wuy6O8QiwO77eg5D3EO6TiYS30w=,37wLFsww/v5jQW1PihTfGyrOdXs=
-56,-21,wuy6O8QiwO77eg5D3EO6TiYS30w=,tik7TEFHkiY1ZAttCHc6Oqf9OFU=
-56,-18,wuy6O8QiwO77eg5D3EO6TiYS30w=,37wLFsww/v5jQW1PihTfGyrOdXs=
-56,-17,wuy6O8QiwO77eg5D3EO6TiYS30w=,37wLFsww/v5jQW1PihTfGyrOdXs=
-56,-20,wuy6O8QiwO77eg5D3EO6TiYS30w=,37wLFsww/v5jQW1PihTfGyrOdXs=
-57,-29,wuy6O8QiwO77eg5D3EO6TiYS30w=,RVWid6caZcREoHchs8n2AFnLaAA=
-57,-30,wuy6O8QiwO77eg5D3EO6TiYS30w=,RVWid6caZcREoHchs8n2AFnLaAA=
-57,-31,wuy6O8QiwO77eg5D3EO6TiYS30w=,RVWid6caZcREoHchs8n2AFnLaAA=
-57,-28,wuy6O8QiwO77eg5D3EO6TiYS30w=,mqHC0TN6cWuM0V3Legt+OD8C3FA=
-57,-32,wuy6O8QiwO77eg5D3EO6TiYS30w=,RVWid6caZcREoHchs8n2AFnLaAA=
-53,-24,wuy6O8QiwO77eg5D3EO6TiYS30w=,tik7TEFHkiY1ZAttCHc6Oqf9OFU=
-61,-25,wuy6O8QiwO77eg5D3EO6TiYS30w=,vkhKpsMPbpuWWYnD0aZVXYutrmw=
-62,-25,wuy6O8QiwO77eg5D3EO6TiYS30w=,vkhKpsMPbpuWWYnD0aZVXYutrmw=
-63,-25,wuy6O8QiwO77eg5D3EO6TiYS30w=,vkhKpsMPbpuWWYnD0aZVXYutrmw=
-60,-22,wuy6O8QiwO77eg5D3EO6TiYS30w=,ujD0PkycAWrVX9uOKvLyl4H0BI0=
-60,-24,wuy6O8QiwO77eg5D3EO6TiYS30w=,ujD0PkycAWrVX9uOKvLyl4H0BI0=
-60,-23,wuy6O8QiwO77eg5D3EO6TiYS30w=,ujD0PkycAWrVX9uOKvLyl4H0BI0=
-60,-25,wuy6O8QiwO77eg5D3EO6TiYS30w=,mqHC0TN6cWuM0V3Legt+OD8C3FA=
-60,-21,wuy6O8QiwO77eg5D3EO6TiYS30w=,ujD0PkycAWrVX9uOKvLyl4H0BI0=
-64,-25,wuy6O8QiwO77eg5D3EO6TiYS30w=,vkhKpsMPbpuWWYnD0aZVXYutrmw=
-51,-18,wuy6O8QiwO77eg5D3EO6TiYS30w=,pyCP/Jibi6pd/UN72RzsAy7BKUI=
-49,-17,wuy6O8QiwO77eg5D3EO6TiYS30w=,pyCP/Jibi6pd/UN72RzsAy7BKUI=
-50,-19,wuy6O8QiwO77eg5D3EO6TiYS30w=,pyCP/Jibi6pd/UN72RzsAy7BKUI=
-53,-17,wuy6O8QiwO77eg5D3EO6TiYS30w=,37wLFsww/v5jQW1PihTfGyrOdXs=
-50,-20,wuy6O8QiwO77eg5D3EO6TiYS30w=,pyCP/Jibi6pd/UN72RzsAy7BKUI=
-49,-20,wuy6O8QiwO77eg5D3EO6TiYS30w=,pyCP/Jibi6pd/UN72RzsAy7BKUI=
-52,-19,wuy6O8QiwO77eg5D3EO6TiYS30w=,pyCP/Jibi6pd/UN72RzsAy7BKUI=
-51,-19,wuy6O8QiwO77eg5D3EO6TiYS30w=,pyCP/Jibi6pd/UN72RzsAy7BKUI=
-51,-20,wuy6O8QiwO77eg5D3EO6TiYS30w=,pyCP/Jibi6pd/UN72RzsAy7BKUI=
-50,-17,wuy6O8QiwO77eg5D3EO6TiYS30w=,pyCP/Jibi6pd/UN72RzsAy7BKUI=
-52,-18,wuy6O8QiwO77eg5D3EO6TiYS30w=,pyCP/Jibi6pd/UN72RzsAy7BKUI=
-53,-21,wuy6O8QiwO77eg5D3EO6TiYS30w=,tik7TEFHkiY1ZAttCHc6Oqf9OFU=
-49,-18,wuy6O8QiwO77eg5D3EO6TiYS30w=,pyCP/Jibi6pd/UN72RzsAy7BKUI=
-53,-20,wuy6O8QiwO77eg5D3EO6TiYS30w=,37wLFsww/v5jQW1PihTfGyrOdXs=
-52,-20,wuy6O8QiwO77eg5D3EO6TiYS30w=,pyCP/Jibi6pd/UN72RzsAy7BKUI=
-52,-17,wuy6O8QiwO77eg5D3EO6TiYS30w=,pyCP/Jibi6pd/UN72RzsAy7BKUI=
-53,-19,wuy6O8QiwO77eg5D3EO6TiYS30w=,37wLFsww/v5jQW1PihTfGyrOdXs=
-53,-18,wuy6O8QiwO77eg5D3EO6TiYS30w=,37wLFsww/v5jQW1PihTfGyrOdXs=
-51,-17,wuy6O8QiwO77eg5D3EO6TiYS30w=,pyCP/Jibi6pd/UN72RzsAy7BKUI=
-60,-32,wuy6O8QiwO77eg5D3EO6TiYS30w=,RVWid6caZcREoHchs8n2AFnLaAA=
-60,-31,wuy6O8QiwO77eg5D3EO6TiYS30w=,RVWid6caZcREoHchs8n2AFnLaAA=
-50,-18,wuy6O8QiwO77eg5D3EO6TiYS30w=,pyCP/Jibi6pd/UN72RzsAy7BKUI=
-62,-28,wuy6O8QiwO77eg5D3EO6TiYS30w=,vkhKpsMPbpuWWYnD0aZVXYutrmw=
-61,-28,wuy6O8QiwO77eg5D3EO6TiYS30w=,vkhKpsMPbpuWWYnD0aZVXYutrmw=
-63,-28,wuy6O8QiwO77eg5D3EO6TiYS30w=,vkhKpsMPbpuWWYnD0aZVXYutrmw=
-60,-30,wuy6O8QiwO77eg5D3EO6TiYS30w=,RVWid6caZcREoHchs8n2AFnLaAA=
-64,-28,wuy6O8QiwO77eg5D3EO6TiYS30w=,vkhKpsMPbpuWWYnD0aZVXYutrmw=
-64,-31,isMdudeyBvb386CHv3jLQ7qwwjw=,ax2eT6nhNG9AFQS+NgK/utF7If8=
-60,-29,wuy6O8QiwO77eg5D3EO6TiYS30w=,RVWid6caZcREoHchs8n2AFnLaAA=
-49,-19,wuy6O8QiwO77eg5D3EO6TiYS30w=,pyCP/Jibi6pd/UN72RzsAy7BKUI=
-60,-28,wuy6O8QiwO77eg5D3EO6TiYS30w=,mqHC0TN6cWuM0V3Legt+OD8C3FA=
-61,-29,isMdudeyBvb386CHv3jLQ7qwwjw=,ax2eT6nhNG9AFQS+NgK/utF7If8=
-61,-32,isMdudeyBvb386CHv3jLQ7qwwjw=,ax2eT6nhNG9AFQS+NgK/utF7If8=
-63,-31,isMdudeyBvb386CHv3jLQ7qwwjw=,ax2eT6nhNG9AFQS+NgK/utF7If8=
-63,-30,isMdudeyBvb386CHv3jLQ7qwwjw=,ax2eT6nhNG9AFQS+NgK/utF7If8=
-64,-30,isMdudeyBvb386CHv3jLQ7qwwjw=,ax2eT6nhNG9AFQS+NgK/utF7If8=
-62,-32,isMdudeyBvb386CHv3jLQ7qwwjw=,ax2eT6nhNG9AFQS+NgK/utF7If8=
-62,-29,isMdudeyBvb386CHv3jLQ7qwwjw=,ax2eT6nhNG9AFQS+NgK/utF7If8=
-63,-29,isMdudeyBvb386CHv3jLQ7qwwjw=,ax2eT6nhNG9AFQS+NgK/utF7If8=
-62,-30,isMdudeyBvb386CHv3jLQ7qwwjw=,ax2eT6nhNG9AFQS+NgK/utF7If8=
-64,-32,isMdudeyBvb386CHv3jLQ7qwwjw=,ax2eT6nhNG9AFQS+NgK/utF7If8=
-64,-29,isMdudeyBvb386CHv3jLQ7qwwjw=,ax2eT6nhNG9AFQS+NgK/utF7If8=
-61,-31,isMdudeyBvb386CHv3jLQ7qwwjw=,ax2eT6nhNG9AFQS+NgK/utF7If8=
-62,-31,isMdudeyBvb386CHv3jLQ7qwwjw=,ax2eT6nhNG9AFQS+NgK/utF7If8=
-61,-30,isMdudeyBvb386CHv3jLQ7qwwjw=,ax2eT6nhNG9AFQS+NgK/utF7If8=
-63,-32,isMdudeyBvb386CHv3jLQ7qwwjw=,ax2eT6nhNG9AFQS+NgK/utF7If8=
-56,-14,wuy6O8QiwO77eg5D3EO6TiYS30w=,r3CF+n80ClIbvjcuNhPXRBbpV5U=
-56,-15,wuy6O8QiwO77eg5D3EO6TiYS30w=,r3CF+n80ClIbvjcuNhPXRBbpV5U=
-55,-13,wuy6O8QiwO77eg5D3EO6TiYS30w=,r3CF+n80ClIbvjcuNhPXRBbpV5U=
-55,-15,wuy6O8QiwO77eg5D3EO6TiYS30w=,r3CF+n80ClIbvjcuNhPXRBbpV5U=
-54,-15,wuy6O8QiwO77eg5D3EO6TiYS30w=,r3CF+n80ClIbvjcuNhPXRBbpV5U=
-56,-13,wuy6O8QiwO77eg5D3EO6TiYS30w=,r3CF+n80ClIbvjcuNhPXRBbpV5U=
-54,-13,wuy6O8QiwO77eg5D3EO6TiYS30w=,r3CF+n80ClIbvjcuNhPXRBbpV5U=
-55,-16,MGa+LeCGlVcgTX5dHFoZUc6scaA=,r3CF+n80ClIbvjcuNhPXRBbpV5U=
-54,-16,MGa+LeCGlVcgTX5dHFoZUc6scaA=,r3CF+n80ClIbvjcuNhPXRBbpV5U=
-56,-16,MGa+LeCGlVcgTX5dHFoZUc6scaA=,r3CF+n80ClIbvjcuNhPXRBbpV5U=
-55,-14,MGa+LeCGlVcgTX5dHFoZUc6scaA=,r3CF+n80ClIbvjcuNhPXRBbpV5U=
-52,-11,MGa+LeCGlVcgTX5dHFoZUc6scaA=,BQYnaMhc61ovdA0HY6ch5SHWBkc=
-51,-11,MGa+LeCGlVcgTX5dHFoZUc6scaA=,BQYnaMhc61ovdA0HY6ch5SHWBkc=
-49,-11,MGa+LeCGlVcgTX5dHFoZUc6scaA=,BQYnaMhc61ovdA0HY6ch5SHWBkc=
-50,-11,MGa+LeCGlVcgTX5dHFoZUc6scaA=,BQYnaMhc61ovdA0HY6ch5SHWBkc=
-54,-14,MGa+LeCGlVcgTX5dHFoZUc6scaA=,r3CF+n80ClIbvjcuNhPXRBbpV5U=
-49,-10,MGa+LeCGlVcgTX5dHFoZUc6scaA=,BQYnaMhc61ovdA0HY6ch5SHWBkc=
-52,-9,MGa+LeCGlVcgTX5dHFoZUc6scaA=,BQYnaMhc61ovdA0HY6ch5SHWBkc=
-51,-9,MGa+LeCGlVcgTX5dHFoZUc6scaA=,BQYnaMhc61ovdA0HY6ch5SHWBkc=
-50,-10,MGa+LeCGlVcgTX5dHFoZUc6scaA=,BQYnaMhc61ovdA0HY6ch5SHWBkc=
-52,-10,MGa+LeCGlVcgTX5dHFoZUc6scaA=,BQYnaMhc61ovdA0HY6ch5SHWBkc=
-51,-10,MGa+LeCGlVcgTX5dHFoZUc6scaA=,BQYnaMhc61ovdA0HY6ch5SHWBkc=
-50,-9,MGa+LeCGlVcgTX5dHFoZUc6scaA=,BQYnaMhc61ovdA0HY6ch5SHWBkc=
-53,-16,MGa+LeCGlVcgTX5dHFoZUc6scaA=,r3CF+n80ClIbvjcuNhPXRBbpV5U=
-49,-9,MGa+LeCGlVcgTX5dHFoZUc6scaA=,BQYnaMhc61ovdA0HY6ch5SHWBkc=
-50,-12,MGa+LeCGlVcgTX5dHFoZUc6scaA=,BQYnaMhc61ovdA0HY6ch5SHWBkc=
-53,-15,MGa+LeCGlVcgTX5dHFoZUc6scaA=,r3CF+n80ClIbvjcuNhPXRBbpV5U=
-53,-13,MGa+LeCGlVcgTX5dHFoZUc6scaA=,r3CF+n80ClIbvjcuNhPXRBbpV5U=
-49,-16,MGa+LeCGlVcgTX5dHFoZUc6scaA=,YllLxaItkCKZxgVN6XEjOgCKZow=
-50,-15,MGa+LeCGlVcgTX5dHFoZUc6scaA=,YllLxaItkCKZxgVN6XEjOgCKZow=
-49,-12,MGa+LeCGlVcgTX5dHFoZUc6scaA=,BQYnaMhc61ovdA0HY6ch5SHWBkc=
-52,-12,MGa+LeCGlVcgTX5dHFoZUc6scaA=,BQYnaMhc61ovdA0HY6ch5SHWBkc=
-52,-15,MGa+LeCGlVcgTX5dHFoZUc6scaA=,YllLxaItkCKZxgVN6XEjOgCKZow=
-52,-16,MGa+LeCGlVcgTX5dHFoZUc6scaA=,YllLxaItkCKZxgVN6XEjOgCKZow=
-50,-16,MGa+LeCGlVcgTX5dHFoZUc6scaA=,YllLxaItkCKZxgVN6XEjOgCKZow=
-51,-12,MGa+LeCGlVcgTX5dHFoZUc6scaA=,BQYnaMhc61ovdA0HY6ch5SHWBkc=
-51,-14,MGa+LeCGlVcgTX5dHFoZUc6scaA=,YllLxaItkCKZxgVN6XEjOgCKZow=
-52,-14,MGa+LeCGlVcgTX5dHFoZUc6scaA=,YllLxaItkCKZxgVN6XEjOgCKZow=
-49,-15,MGa+LeCGlVcgTX5dHFoZUc6scaA=,YllLxaItkCKZxgVN6XEjOgCKZow=
-51,-15,MGa+LeCGlVcgTX5dHFoZUc6scaA=,YllLxaItkCKZxgVN6XEjOgCKZow=
-53,-14,MGa+LeCGlVcgTX5dHFoZUc6scaA=,r3CF+n80ClIbvjcuNhPXRBbpV5U=
-52,-13,MGa+LeCGlVcgTX5dHFoZUc6scaA=,YllLxaItkCKZxgVN6XEjOgCKZow=
-51,-13,MGa+LeCGlVcgTX5dHFoZUc6scaA=,YllLxaItkCKZxgVN6XEjOgCKZow=
-50,-13,MGa+LeCGlVcgTX5dHFoZUc6scaA=,YllLxaItkCKZxgVN6XEjOgCKZow=
-49,-14,MGa+LeCGlVcgTX5dHFoZUc6scaA=,YllLxaItkCKZxgVN6XEjOgCKZow=
-51,-16,MGa+LeCGlVcgTX5dHFoZUc6scaA=,YllLxaItkCKZxgVN6XEjOgCKZow=
-50,-14,MGa+LeCGlVcgTX5dHFoZUc6scaA=,YllLxaItkCKZxgVN6XEjOgCKZow=
-49,-13,MGa+LeCGlVcgTX5dHFoZUc6scaA=,YllLxaItkCKZxgVN6XEjOgCKZow=
