-122,74,WVcUMsyncISoTqefYYH/QPcZHQo=,RGXHUh2V/GP9f85+Q+cN418vZS0=
-123,73,WVcUMsyncISoTqefYYH/QPcZHQo=,RGXHUh2V/GP9f85+Q+cN418vZS0=
-123,74,2pVBUgbEzsbZ0XTVq4pC1xsMD8E=,RGXHUh2V/GP9f85+Q+cN418vZS0=
-121,73,lC7z+huqhwqZ/oox/HOEE1M+dhs=,RGXHUh2V/GP9f85+Q+cN418vZS0=
-122,73,lC7z+huqhwqZ/oox/HOEE1M+dhs=,RGXHUh2V/GP9f85+Q+cN418vZS0=
-121,74,lC7z+huqhwqZ/oox/HOEE1M+dhs=,RGXHUh2V/GP9f85+Q+cN418vZS0=
-118,78,lC7z+huqhwqZ/oox/HOEE1M+dhs=,5YF0xDK8ZtMDSHud+tlf++B3mD8=
-118,77,lC7z+huqhwqZ/oox/HOEE1M+dhs=,5YF0xDK8ZtMDSHud+tlf++B3mD8=
-119,77,lC7z+huqhwqZ/oox/HOEE1M+dhs=,5YF0xDK8ZtMDSHud+tlf++B3mD8=
-119,78,lC7z+huqhwqZ/oox/HOEE1M+dhs=,5YF0xDK8ZtMDSHud+tlf++B3mD8=
-118,76,lC7z+huqhwqZ/oox/HOEE1M+dhs=,5YF0xDK8ZtMDSHud+tlf++B3mD8=
-119,79,lC7z+huqhwqZ/oox/HOEE1M+dhs=,5YF0xDK8ZtMDSHud+tlf++B3mD8=
-118,79,lC7z+huqhwqZ/oox/HOEE1M+dhs=,5YF0xDK8ZtMDSHud+tlf++B3mD8=
-127,72,lC7z+huqhwqZ/oox/HOEE1M+dhs=,OKxzaiZxKfi/PkvYooHCEcHyeOw=
-126,72,lC7z+huqhwqZ/oox/HOEE1M+dhs=,OKxzaiZxKfi/PkvYooHCEcHyeOw=
-126,74,lC7z+huqhwqZ/oox/HOEE1M+dhs=,OKxzaiZxKfi/PkvYooHCEcHyeOw=
-126,73,lC7z+huqhwqZ/oox/HOEE1M+dhs=,OKxzaiZxKfi/PkvYooHCEcHyeOw=
-119,76,lC7z+huqhwqZ/oox/HOEE1M+dhs=,5YF0xDK8ZtMDSHud+tlf++B3mD8=
-124,73,lC7z+huqhwqZ/oox/HOEE1M+dhs=,RGXHUh2V/GP9f85+Q+cN418vZS0=
-125,73,lC7z+huqhwqZ/oox/HOEE1M+dhs=,OKxzaiZxKfi/PkvYooHCEcHyeOw=
-127,75,lC7z+huqhwqZ/oox/HOEE1M+dhs=,OKxzaiZxKfi/PkvYooHCEcHyeOw=
-125,72,lC7z+huqhwqZ/oox/HOEE1M+dhs=,OKxzaiZxKfi/PkvYooHCEcHyeOw=
-123,72,lC7z+huqhwqZ/oox/HOEE1M+dhs=,RGXHUh2V/GP9f85+Q+cN418vZS0=
-124,72,lC7z+huqhwqZ/oox/HOEE1M+dhs=,RGXHUh2V/GP9f85+Q+cN418vZS0=
-127,74,lC7z+huqhwqZ/oox/HOEE1M+dhs=,OKxzaiZxKfi/PkvYooHCEcHyeOw=
-127,73,lC7z+huqhwqZ/oox/HOEE1M+dhs=,OKxzaiZxKfi/PkvYooHCEcHyeOw=
-128,75,lC7z+huqhwqZ/oox/HOEE1M+dhs=,OKxzaiZxKfi/PkvYooHCEcHyeOw=
-121,72,lC7z+huqhwqZ/oox/HOEE1M+dhs=,RGXHUh2V/GP9f85+Q+cN418vZS0=
-124,74,lC7z+huqhwqZ/oox/HOEE1M+dhs=,RGXHUh2V/GP9f85+Q+cN418vZS0=
-128,72,lC7z+huqhwqZ/oox/HOEE1M+dhs=,OKxzaiZxKfi/PkvYooHCEcHyeOw=
-126,75,lC7z+huqhwqZ/oox/HOEE1M+dhs=,OKxzaiZxKfi/PkvYooHCEcHyeOw=
-124,77,lC7z+huqhwqZ/oox/HOEE1M+dhs=,GT0vlBOcDxDujJzLdWlk1l49rrg=
-122,72,lC7z+huqhwqZ/oox/HOEE1M+dhs=,RGXHUh2V/GP9f85+Q+cN418vZS0=
-120,78,lC7z+huqhwqZ/oox/HOEE1M+dhs=,5YF0xDK8ZtMDSHud+tlf++B3mD8=
-128,73,lC7z+huqhwqZ/oox/HOEE1M+dhs=,OKxzaiZxKfi/PkvYooHCEcHyeOw=
-123,76,lC7z+huqhwqZ/oox/HOEE1M+dhs=,GT0vlBOcDxDujJzLdWlk1l49rrg=
-116,77,lC7z+huqhwqZ/oox/HOEE1M+dhs=,r/jMScCLSS0o0OhdZM+bdPrX7x0=
-115,77,lC7z+huqhwqZ/oox/HOEE1M+dhs=,r/jMScCLSS0o0OhdZM+bdPrX7x0=
-120,77,lC7z+huqhwqZ/oox/HOEE1M+dhs=,5YF0xDK8ZtMDSHud+tlf++B3mD8=
-114,77,lC7z+huqhwqZ/oox/HOEE1M+dhs=,r/jMScCLSS0o0OhdZM+bdPrX7x0=
-113,76,lC7z+huqhwqZ/oox/HOEE1M+dhs=,r/jMScCLSS0o0OhdZM+bdPrX7x0=
-128,74,lC7z+huqhwqZ/oox/HOEE1M+dhs=,OKxzaiZxKfi/PkvYooHCEcHyeOw=
-123,79,lC7z+huqhwqZ/oox/HOEE1M+dhs=,GT0vlBOcDxDujJzLdWlk1l49rrg=
-124,79,lC7z+huqhwqZ/oox/HOEE1M+dhs=,GT0vlBOcDxDujJzLdWlk1l49rrg=
-123,78,lC7z+huqhwqZ/oox/HOEE1M+dhs=,GT0vlBOcDxDujJzLdWlk1l49rrg=
-122,79,lC7z+huqhwqZ/oox/HOEE1M+dhs=,GT0vlBOcDxDujJzLdWlk1l49rrg=
-125,75,lC7z+huqhwqZ/oox/HOEE1M+dhs=,OKxzaiZxKfi/PkvYooHCEcHyeOw=
-120,76,lC7z+huqhwqZ/oox/HOEE1M+dhs=,5YF0xDK8ZtMDSHud+tlf++B3mD8=
-114,76,lC7z+huqhwqZ/oox/HOEE1M+dhs=,r/jMScCLSS0o0OhdZM+bdPrX7x0=
-117,78,lC7z+huqhwqZ/oox/HOEE1M+dhs=,5YF0xDK8ZtMDSHud+tlf++B3mD8=
-121,75,lC7z+huqhwqZ/oox/HOEE1M+dhs=,RGXHUh2V/GP9f85+Q+cN418vZS0=
-120,79,lC7z+huqhwqZ/oox/HOEE1M+dhs=,5YF0xDK8ZtMDSHud+tlf++B3mD8=
-113,77,lC7z+huqhwqZ/oox/HOEE1M+dhs=,r/jMScCLSS0o0OhdZM+bdPrX7x0=
-124,78,lC7z+huqhwqZ/oox/HOEE1M+dhs=,GT0vlBOcDxDujJzLdWlk1l49rrg=
-113,79,lC7z+huqhwqZ/oox/HOEE1M+dhs=,r/jMScCLSS0o0OhdZM+bdPrX7x0=
-124,76,lC7z+huqhwqZ/oox/HOEE1M+dhs=,GT0vlBOcDxDujJzLdWlk1l49rrg=
-121,76,lC7z+huqhwqZ/oox/HOEE1M+dhs=,GT0vlBOcDxDujJzLdWlk1l49rrg=
-121,79,lC7z+huqhwqZ/oox/HOEE1M+dhs=,GT0vlBOcDxDujJzLdWlk1l49rrg=
-122,75,lC7z+huqhwqZ/oox/HOEE1M+dhs=,RGXHUh2V/GP9f85+Q+cN418vZS0=
-121,77,lC7z+huqhwqZ/oox/HOEE1M+dhs=,GT0vlBOcDxDujJzLdWlk1l49rrg=
-121,78,lC7z+huqhwqZ/oox/HOEE1M+dhs=,GT0vlBOcDxDujJzLdWlk1l49rrg=
-122,76,lC7z+huqhwqZ/oox/HOEE1M+dhs=,GT0vlBOcDxDujJzLdWlk1l49rrg=
-116,78,lC7z+huqhwqZ/oox/HOEE1M+dhs=,r/jMScCLSS0o0OhdZM+bdPrX7x0=
-123,75,lC7z+huqhwqZ/oox/HOEE1M+dhs=,RGXHUh2V/GP9f85+Q+cN418vZS0=
-123,77,lC7z+huqhwqZ/oox/HOEE1M+dhs=,GT0vlBOcDxDujJzLdWlk1l49rrg=
-114,79,lC7z+huqhwqZ/oox/HOEE1M+dhs=,r/jMScCLSS0o0OhdZM+bdPrX7x0=
-115,76,lC7z+huqhwqZ/oox/HOEE1M+dhs=,r/jMScCLSS0o0OhdZM+bdPrX7x0=
-117,77,lC7z+huqhwqZ/oox/HOEE1M+dhs=,5YF0xDK8ZtMDSHud+tlf++B3mD8=
-124,75,lC7z+huqhwqZ/oox/HOEE1M+dhs=,RGXHUh2V/GP9f85+Q+cN418vZS0=
-116,76,lC7z+huqhwqZ/oox/HOEE1M+dhs=,r/jMScCLSS0o0OhdZM+bdPrX7x0=
-122,77,lC7z+huqhwqZ/oox/HOEE1M+dhs=,GT0vlBOcDxDujJzLdWlk1l49rrg=
-122,78,lC7z+huqhwqZ/oox/HOEE1M+dhs=,GT0vlBOcDxDujJzLdWlk1l49rrg=
-117,76,lC7z+huqhwqZ/oox/HOEE1M+dhs=,5YF0xDK8ZtMDSHud+tlf++B3mD8=
-125,74,lC7z+huqhwqZ/oox/HOEE1M+dhs=,OKxzaiZxKfi/PkvYooHCEcHyeOw=
-116,79,lC7z+huqhwqZ/oox/HOEE1M+dhs=,r/jMScCLSS0o0OhdZM+bdPrX7x0=
-114,78,lC7z+huqhwqZ/oox/HOEE1M+dhs=,r/jMScCLSS0o0OhdZM+bdPrX7x0=
-113,78,lC7z+huqhwqZ/oox/HOEE1M+dhs=,r/jMScCLSS0o0OhdZM+bdPrX7x0=
-115,79,lC7z+huqhwqZ/oox/HOEE1M+dhs=,r/jMScCLSS0o0OhdZM+bdPrX7x0=
-115,78,lC7z+huqhwqZ/oox/HOEE1M+dhs=,r/jMScCLSS0o0OhdZM+bdPrX7x0=
-117,79,lC7z+huqhwqZ/oox/HOEE1M+dhs=,5YF0xDK8ZtMDSHud+tlf++B3mD8=
-117,80,y/Cio7w4eZ+D+KbWqWPx7ZHoIg8=,SpVlDd1cn1ZugKezkDvnNe71/ug=
-117,82,y/Cio7w4eZ+D+KbWqWPx7ZHoIg8=,SpVlDd1cn1ZugKezkDvnNe71/ug=
-117,83,y/Cio7w4eZ+D+KbWqWPx7ZHoIg8=,SpVlDd1cn1ZugKezkDvnNe71/ug=
-123,81,y/Cio7w4eZ+D+KbWqWPx7ZHoIg8=,xs7Y0kN0ih+hsjHC0wWdgzHuTXw=
-122,83,y/Cio7w4eZ+D+KbWqWPx7ZHoIg8=,xs7Y0kN0ih+hsjHC0wWdgzHuTXw=
-123,83,y/Cio7w4eZ+D+KbWqWPx7ZHoIg8=,xs7Y0kN0ih+hsjHC0wWdgzHuTXw=
-119,82,y/Cio7w4eZ+D+KbWqWPx7ZHoIg8=,SpVlDd1cn1ZugKezkDvnNe71/ug=
-120,83,y/Cio7w4eZ+D+KbWqWPx7ZHoIg8=,SpVlDd1cn1ZugKezkDvnNe71/ug=
-119,83,y/Cio7w4eZ+D+KbWqWPx7ZHoIg8=,SpVlDd1cn1ZugKezkDvnNe71/ug=
-122,81,y/Cio7w4eZ+D+KbWqWPx7ZHoIg8=,xs7Y0kN0ih+hsjHC0wWdgzHuTXw=
-123,82,y/Cio7w4eZ+D+KbWqWPx7ZHoIg8=,xs7Y0kN0ih+hsjHC0wWdgzHuTXw=
-124,80,y/Cio7w4eZ+D+KbWqWPx7ZHoIg8=,xs7Y0kN0ih+hsjHC0wWdgzHuTXw=
-119,81,y/Cio7w4eZ+D+KbWqWPx7ZHoIg8=,SpVlDd1cn1ZugKezkDvnNe71/ug=
-122,82,y/Cio7w4eZ+D+KbWqWPx7ZHoIg8=,xs7Y0kN0ih+hsjHC0wWdgzHuTXw=
-118,81,y/Cio7w4eZ+D+KbWqWPx7ZHoIg8=,SpVlDd1cn1ZugKezkDvnNe71/ug=
-124,82,y/Cio7w4eZ+D+KbWqWPx7ZHoIg8=,xs7Y0kN0ih+hsjHC0wWdgzHuTXw=
-121,82,y/Cio7w4eZ+D+KbWqWPx7ZHoIg8=,xs7Y0kN0ih+hsjHC0wWdgzHuTXw=
-120,82,y/Cio7w4eZ+D+KbWqWPx7ZHoIg8=,SpVlDd1cn1ZugKezkDvnNe71/ug=
-118,80,y/Cio7w4eZ+D+KbWqWPx7ZHoIg8=,SpVlDd1cn1ZugKezkDvnNe71/ug=
-123,80,y/Cio7w4eZ+D+KbWqWPx7ZHoIg8=,xs7Y0kN0ih+hsjHC0wWdgzHuTXw=
-118,83,y/Cio7w4eZ+D+KbWqWPx7ZHoIg8=,SpVlDd1cn1ZugKezkDvnNe71/ug=
-121,83,y/Cio7w4eZ+D+KbWqWPx7ZHoIg8=,xs7Y0kN0ih+hsjHC0wWdgzHuTXw=
-120,81,y/Cio7w4eZ+D+KbWqWPx7ZHoIg8=,SpVlDd1cn1ZugKezkDvnNe71/ug=
-118,82,y/Cio7w4eZ+D+KbWqWPx7ZHoIg8=,SpVlDd1cn1ZugKezkDvnNe71/ug=
-117,81,y/Cio7w4eZ+D+KbWqWPx7ZHoIg8=,SpVlDd1cn1ZugKezkDvnNe71/ug=
-122,80,y/Cio7w4eZ+D+KbWqWPx7ZHoIg8=,xs7Y0kN0ih+hsjHC0wWdgzHuTXw=
-124,83,y/Cio7w4eZ+D+KbWqWPx7ZHoIg8=,xs7Y0kN0ih+hsjHC0wWdgzHuTXw=
-124,81,y/Cio7w4eZ+D+KbWqWPx7ZHoIg8=,xs7Y0kN0ih+hsjHC0wWdgzHuTXw=
-121,81,y/Cio7w4eZ+D+KbWqWPx7ZHoIg8=,xs7Y0kN0ih+hsjHC0wWdgzHuTXw=
-119,80,y/Cio7w4eZ+D+KbWqWPx7ZHoIg8=,SpVlDd1cn1ZugKezkDvnNe71/ug=
-121,80,y/Cio7w4eZ+D+KbWqWPx7ZHoIg8=,xs7Y0kN0ih+hsjHC0wWdgzHuTXw=
-120,80,y/Cio7w4eZ+D+KbWqWPx7ZHoIg8=,SpVlDd1cn1ZugKezkDvnNe71/ug=
-104,81,lagWHZgw7+fCiXq9fRnV2pHNQic=,oweRQ7mIugNEnFCPV/HTYhw9b2k=
-107,89,lagWHZgw7+fCiXq9fRnV2pHNQic=,RwDbtU3TGrVn6TSa+I1gPFJom/o=
-107,88,NBQIHF0X4AY3S5PnH59cQUbc410=,RwDbtU3TGrVn6TSa+I1gPFJom/o=
-106,88,NBQIHF0X4AY3S5PnH59cQUbc410=,RwDbtU3TGrVn6TSa+I1gPFJom/o=
-106,89,NBQIHF0X4AY3S5PnH59cQUbc410=,RwDbtU3TGrVn6TSa+I1gPFJom/o=
-106,90,NBQIHF0X4AY3S5PnH59cQUbc410=,RwDbtU3TGrVn6TSa+I1gPFJom/o=
-102,80,NBQIHF0X4AY3S5PnH59cQUbc410=,oweRQ7mIugNEnFCPV/HTYhw9b2k=
-103,80,NBQIHF0X4AY3S5PnH59cQUbc410=,oweRQ7mIugNEnFCPV/HTYhw9b2k=
-102,83,NBQIHF0X4AY3S5PnH59cQUbc410=,oweRQ7mIugNEnFCPV/HTYhw9b2k=
-107,90,NBQIHF0X4AY3S5PnH59cQUbc410=,RwDbtU3TGrVn6TSa+I1gPFJom/o=
-103,82,NBQIHF0X4AY3S5PnH59cQUbc410=,oweRQ7mIugNEnFCPV/HTYhw9b2k=
-103,83,NBQIHF0X4AY3S5PnH59cQUbc410=,oweRQ7mIugNEnFCPV/HTYhw9b2k=
-104,82,NBQIHF0X4AY3S5PnH59cQUbc410=,oweRQ7mIugNEnFCPV/HTYhw9b2k=
-104,83,NBQIHF0X4AY3S5PnH59cQUbc410=,oweRQ7mIugNEnFCPV/HTYhw9b2k=
-102,82,NBQIHF0X4AY3S5PnH59cQUbc410=,oweRQ7mIugNEnFCPV/HTYhw9b2k=
-102,81,NBQIHF0X4AY3S5PnH59cQUbc410=,oweRQ7mIugNEnFCPV/HTYhw9b2k=
-103,81,NBQIHF0X4AY3S5PnH59cQUbc410=,oweRQ7mIugNEnFCPV/HTYhw9b2k=
-100,83,NBQIHF0X4AY3S5PnH59cQUbc410=,K39ztx9ItaCyaEcfI2T9ksT1xd0=
-101,81,NBQIHF0X4AY3S5PnH59cQUbc410=,oweRQ7mIugNEnFCPV/HTYhw9b2k=
-99,81,NBQIHF0X4AY3S5PnH59cQUbc410=,K39ztx9ItaCyaEcfI2T9ksT1xd0=
-98,81,NBQIHF0X4AY3S5PnH59cQUbc410=,K39ztx9ItaCyaEcfI2T9ksT1xd0=
-103,93,NBQIHF0X4AY3S5PnH59cQUbc410=,YpnxBigm7cPVS+XN14x88LZ1uB8=
-102,93,NBQIHF0X4AY3S5PnH59cQUbc410=,YpnxBigm7cPVS+XN14x88LZ1uB8=
-103,94,NBQIHF0X4AY3S5PnH59cQUbc410=,YpnxBigm7cPVS+XN14x88LZ1uB8=
-100,81,NBQIHF0X4AY3S5PnH59cQUbc410=,K39ztx9ItaCyaEcfI2T9ksT1xd0=
-102,94,NBQIHF0X4AY3S5PnH59cQUbc410=,YpnxBigm7cPVS+XN14x88LZ1uB8=
-108,90,NBQIHF0X4AY3S5PnH59cQUbc410=,RwDbtU3TGrVn6TSa+I1gPFJom/o=
-100,80,NBQIHF0X4AY3S5PnH59cQUbc410=,K39ztx9ItaCyaEcfI2T9ksT1xd0=
-111,92,NBQIHF0X4AY3S5PnH59cQUbc410=,5JAVOrCOD+PiA9XNJsZn/r0BHig=
-108,89,NBQIHF0X4AY3S5PnH59cQUbc410=,RwDbtU3TGrVn6TSa+I1gPFJom/o=
-111,94,NBQIHF0X4AY3S5PnH59cQUbc410=,5JAVOrCOD+PiA9XNJsZn/r0BHig=
-110,94,NBQIHF0X4AY3S5PnH59cQUbc410=,5JAVOrCOD+PiA9XNJsZn/r0BHig=
-99,80,NBQIHF0X4AY3S5PnH59cQUbc410=,K39ztx9ItaCyaEcfI2T9ksT1xd0=
-111,93,NBQIHF0X4AY3S5PnH59cQUbc410=,5JAVOrCOD+PiA9XNJsZn/r0BHig=
-110,92,NBQIHF0X4AY3S5PnH59cQUbc410=,5JAVOrCOD+PiA9XNJsZn/r0BHig=
-110,93,NBQIHF0X4AY3S5PnH59cQUbc410=,5JAVOrCOD+PiA9XNJsZn/r0BHig=
-111,95,NBQIHF0X4AY3S5PnH59cQUbc410=,5JAVOrCOD+PiA9XNJsZn/r0BHig=
-110,95,NBQIHF0X4AY3S5PnH59cQUbc410=,5JAVOrCOD+PiA9XNJsZn/r0BHig=
-105,89,NBQIHF0X4AY3S5PnH59cQUbc410=,RwDbtU3TGrVn6TSa+I1gPFJom/o=
-97,83,NBQIHF0X4AY3S5PnH59cQUbc410=,K39ztx9ItaCyaEcfI2T9ksT1xd0=
-103,92,NBQIHF0X4AY3S5PnH59cQUbc410=,YpnxBigm7cPVS+XN14x88LZ1uB8=
-102,92,NBQIHF0X4AY3S5PnH59cQUbc410=,YpnxBigm7cPVS+XN14x88LZ1uB8=
-105,88,NBQIHF0X4AY3S5PnH59cQUbc410=,RwDbtU3TGrVn6TSa+I1gPFJom/o=
-105,90,NBQIHF0X4AY3S5PnH59cQUbc410=,RwDbtU3TGrVn6TSa+I1gPFJom/o=
-98,80,NBQIHF0X4AY3S5PnH59cQUbc410=,K39ztx9ItaCyaEcfI2T9ksT1xd0=
-99,83,NBQIHF0X4AY3S5PnH59cQUbc410=,K39ztx9ItaCyaEcfI2T9ksT1xd0=
-97,81,NBQIHF0X4AY3S5PnH59cQUbc410=,K39ztx9ItaCyaEcfI2T9ksT1xd0=
-101,83,NBQIHF0X4AY3S5PnH59cQUbc410=,oweRQ7mIugNEnFCPV/HTYhw9b2k=
-100,82,NBQIHF0X4AY3S5PnH59cQUbc410=,K39ztx9ItaCyaEcfI2T9ksT1xd0=
-98,83,NBQIHF0X4AY3S5PnH59cQUbc410=,K39ztx9ItaCyaEcfI2T9ksT1xd0=
-99,82,NBQIHF0X4AY3S5PnH59cQUbc410=,K39ztx9ItaCyaEcfI2T9ksT1xd0=
-98,82,NBQIHF0X4AY3S5PnH59cQUbc410=,K39ztx9ItaCyaEcfI2T9ksT1xd0=
-97,82,NBQIHF0X4AY3S5PnH59cQUbc410=,K39ztx9ItaCyaEcfI2T9ksT1xd0=
-101,80,NBQIHF0X4AY3S5PnH59cQUbc410=,oweRQ7mIugNEnFCPV/HTYhw9b2k=
-101,82,NBQIHF0X4AY3S5PnH59cQUbc410=,oweRQ7mIugNEnFCPV/HTYhw9b2k=
-101,93,NBQIHF0X4AY3S5PnH59cQUbc410=,YpnxBigm7cPVS+XN14x88LZ1uB8=
-101,94,NBQIHF0X4AY3S5PnH59cQUbc410=,YpnxBigm7cPVS+XN14x88LZ1uB8=
-101,92,NBQIHF0X4AY3S5PnH59cQUbc410=,YpnxBigm7cPVS+XN14x88LZ1uB8=
-104,80,NBQIHF0X4AY3S5PnH59cQUbc410=,oweRQ7mIugNEnFCPV/HTYhw9b2k=
-108,88,NBQIHF0X4AY3S5PnH59cQUbc410=,RwDbtU3TGrVn6TSa+I1gPFJom/o=
-112,93,NBQIHF0X4AY3S5PnH59cQUbc410=,5JAVOrCOD+PiA9XNJsZn/r0BHig=
-112,94,NBQIHF0X4AY3S5PnH59cQUbc410=,5JAVOrCOD+PiA9XNJsZn/r0BHig=
-112,92,NBQIHF0X4AY3S5PnH59cQUbc410=,5JAVOrCOD+PiA9XNJsZn/r0BHig=
-112,95,NBQIHF0X4AY3S5PnH59cQUbc410=,5JAVOrCOD+PiA9XNJsZn/r0BHig=
-97,80,NBQIHF0X4AY3S5PnH59cQUbc410=,K39ztx9ItaCyaEcfI2T9ksT1xd0=
-103,95,NBQIHF0X4AY3S5PnH59cQUbc410=,YpnxBigm7cPVS+XN14x88LZ1uB8=
-102,95,NBQIHF0X4AY3S5PnH59cQUbc410=,YpnxBigm7cPVS+XN14x88LZ1uB8=
-101,95,NBQIHF0X4AY3S5PnH59cQUbc410=,YpnxBigm7cPVS+XN14x88LZ1uB8=
-108,91,NBQIHF0X4AY3S5PnH59cQUbc410=,RwDbtU3TGrVn6TSa+I1gPFJom/o=
-104,93,NBQIHF0X4AY3S5PnH59cQUbc410=,YpnxBigm7cPVS+XN14x88LZ1uB8=
-109,93,NBQIHF0X4AY3S5PnH59cQUbc410=,5JAVOrCOD+PiA9XNJsZn/r0BHig=
-105,94,NBQIHF0X4AY3S5PnH59cQUbc410=,sReXVnL1Mz2K7+VUWCGmM7rnC4M=
-109,92,NBQIHF0X4AY3S5PnH59cQUbc410=,5JAVOrCOD+PiA9XNJsZn/r0BHig=
-107,92,NBQIHF0X4AY3S5PnH59cQUbc410=,sReXVnL1Mz2K7+VUWCGmM7rnC4M=
-108,92,NBQIHF0X4AY3S5PnH59cQUbc410=,sReXVnL1Mz2K7+VUWCGmM7rnC4M=
-106,91,NBQIHF0X4AY3S5PnH59cQUbc410=,RwDbtU3TGrVn6TSa+I1gPFJom/o=
-109,95,NBQIHF0X4AY3S5PnH59cQUbc410=,5JAVOrCOD+PiA9XNJsZn/r0BHig=
-107,91,NBQIHF0X4AY3S5PnH59cQUbc410=,RwDbtU3TGrVn6TSa+I1gPFJom/o=
-105,92,NBQIHF0X4AY3S5PnH59cQUbc410=,sReXVnL1Mz2K7+VUWCGmM7rnC4M=
-109,94,NBQIHF0X4AY3S5PnH59cQUbc410=,5JAVOrCOD+PiA9XNJsZn/r0BHig=
-106,92,NBQIHF0X4AY3S5PnH59cQUbc410=,sReXVnL1Mz2K7+VUWCGmM7rnC4M=
-108,94,NBQIHF0X4AY3S5PnH59cQUbc410=,sReXVnL1Mz2K7+VUWCGmM7rnC4M=
-108,95,NBQIHF0X4AY3S5PnH59cQUbc410=,sReXVnL1Mz2K7+VUWCGmM7rnC4M=
-104,92,NBQIHF0X4AY3S5PnH59cQUbc410=,YpnxBigm7cPVS+XN14x88LZ1uB8=
-105,91,NBQIHF0X4AY3S5PnH59cQUbc410=,RwDbtU3TGrVn6TSa+I1gPFJom/o=
-106,93,NBQIHF0X4AY3S5PnH59cQUbc410=,sReXVnL1Mz2K7+VUWCGmM7rnC4M=
-106,94,NBQIHF0X4AY3S5PnH59cQUbc410=,sReXVnL1Mz2K7+VUWCGmM7rnC4M=
-104,94,NBQIHF0X4AY3S5PnH59cQUbc410=,YpnxBigm7cPVS+XN14x88LZ1uB8=
-104,95,NBQIHF0X4AY3S5PnH59cQUbc410=,YpnxBigm7cPVS+XN14x88LZ1uB8=
-107,94,NBQIHF0X4AY3S5PnH59cQUbc410=,sReXVnL1Mz2K7+VUWCGmM7rnC4M=
-108,93,NBQIHF0X4AY3S5PnH59cQUbc410=,sReXVnL1Mz2K7+VUWCGmM7rnC4M=
-107,93,NBQIHF0X4AY3S5PnH59cQUbc410=,sReXVnL1Mz2K7+VUWCGmM7rnC4M=
-107,95,NBQIHF0X4AY3S5PnH59cQUbc410=,sReXVnL1Mz2K7+VUWCGmM7rnC4M=
-105,93,NBQIHF0X4AY3S5PnH59cQUbc410=,sReXVnL1Mz2K7+VUWCGmM7rnC4M=
-105,95,NBQIHF0X4AY3S5PnH59cQUbc410=,sReXVnL1Mz2K7+VUWCGmM7rnC4M=
-106,95,NBQIHF0X4AY3S5PnH59cQUbc410=,sReXVnL1Mz2K7+VUWCGmM7rnC4M=
-99,73,NBQIHF0X4AY3S5PnH59cQUbc410=,fE45qSYJzb8ByRvAriXAfA68dhI=
-98,74,NBQIHF0X4AY3S5PnH59cQUbc410=,fE45qSYJzb8ByRvAriXAfA68dhI=
-99,74,NBQIHF0X4AY3S5PnH59cQUbc410=,fE45qSYJzb8ByRvAriXAfA68dhI=
-98,73,pr+8weGe7K3IK4FKu+T/3Y5pHKU=,fE45qSYJzb8ByRvAriXAfA68dhI=
-103,73,sP23gUQoqotgFt4w2EImSCkpBdw=,LU5oJY/kMYPddKc8fQGBb5vTNJg=
-100,73,sP23gUQoqotgFt4w2EImSCkpBdw=,fE45qSYJzb8ByRvAriXAfA68dhI=
-103,74,sP23gUQoqotgFt4w2EImSCkpBdw=,LU5oJY/kMYPddKc8fQGBb5vTNJg=
-102,74,sP23gUQoqotgFt4w2EImSCkpBdw=,LU5oJY/kMYPddKc8fQGBb5vTNJg=
-101,74,sP23gUQoqotgFt4w2EImSCkpBdw=,LU5oJY/kMYPddKc8fQGBb5vTNJg=
-102,73,sP23gUQoqotgFt4w2EImSCkpBdw=,LU5oJY/kMYPddKc8fQGBb5vTNJg=
-100,74,sP23gUQoqotgFt4w2EImSCkpBdw=,fE45qSYJzb8ByRvAriXAfA68dhI=
-101,73,sP23gUQoqotgFt4w2EImSCkpBdw=,LU5oJY/kMYPddKc8fQGBb5vTNJg=
-107,73,sP23gUQoqotgFt4w2EImSCkpBdw=,7BwH78sTdCkLtxPm54jASq8ZcJc=
-104,73,sP23gUQoqotgFt4w2EImSCkpBdw=,LU5oJY/kMYPddKc8fQGBb5vTNJg=
-106,73,sP23gUQoqotgFt4w2EImSCkpBdw=,7BwH78sTdCkLtxPm54jASq8ZcJc=
-105,73,sP23gUQoqotgFt4w2EImSCkpBdw=,7BwH78sTdCkLtxPm54jASq8ZcJc=
-104,74,sP23gUQoqotgFt4w2EImSCkpBdw=,LU5oJY/kMYPddKc8fQGBb5vTNJg=
-107,74,sP23gUQoqotgFt4w2EImSCkpBdw=,7BwH78sTdCkLtxPm54jASq8ZcJc=
-106,74,sP23gUQoqotgFt4w2EImSCkpBdw=,7BwH78sTdCkLtxPm54jASq8ZcJc=
-105,74,sP23gUQoqotgFt4w2EImSCkpBdw=,7BwH78sTdCkLtxPm54jASq8ZcJc=
-111,78,sP23gUQoqotgFt4w2EImSCkpBdw=,HwVzHsNgAZ9lDVzel4Eg1Lv3JjU=
-111,77,sP23gUQoqotgFt4w2EImSCkpBdw=,HwVzHsNgAZ9lDVzel4Eg1Lv3JjU=
-110,77,sP23gUQoqotgFt4w2EImSCkpBdw=,HwVzHsNgAZ9lDVzel4Eg1Lv3JjU=
-110,78,sP23gUQoqotgFt4w2EImSCkpBdw=,HwVzHsNgAZ9lDVzel4Eg1Lv3JjU=
-99,75,sP23gUQoqotgFt4w2EImSCkpBdw=,fE45qSYJzb8ByRvAriXAfA68dhI=
-98,75,sP23gUQoqotgFt4w2EImSCkpBdw=,fE45qSYJzb8ByRvAriXAfA68dhI=
-99,77,sP23gUQoqotgFt4w2EImSCkpBdw=,Ae5bXhDj7Ny7qS4yTuwDVMcPVxI=
-98,77,sP23gUQoqotgFt4w2EImSCkpBdw=,Ae5bXhDj7Ny7qS4yTuwDVMcPVxI=
-97,78,sP23gUQoqotgFt4w2EImSCkpBdw=,Ae5bXhDj7Ny7qS4yTuwDVMcPVxI=
-97,77,sP23gUQoqotgFt4w2EImSCkpBdw=,Ae5bXhDj7Ny7qS4yTuwDVMcPVxI=
-99,78,sP23gUQoqotgFt4w2EImSCkpBdw=,Ae5bXhDj7Ny7qS4yTuwDVMcPVxI=
-98,76,sP23gUQoqotgFt4w2EImSCkpBdw=,Ae5bXhDj7Ny7qS4yTuwDVMcPVxI=
-98,78,sP23gUQoqotgFt4w2EImSCkpBdw=,Ae5bXhDj7Ny7qS4yTuwDVMcPVxI=
-110,76,sP23gUQoqotgFt4w2EImSCkpBdw=,HwVzHsNgAZ9lDVzel4Eg1Lv3JjU=
-111,76,sP23gUQoqotgFt4w2EImSCkpBdw=,HwVzHsNgAZ9lDVzel4Eg1Lv3JjU=
-108,74,sP23gUQoqotgFt4w2EImSCkpBdw=,7BwH78sTdCkLtxPm54jASq8ZcJc=
-108,73,sP23gUQoqotgFt4w2EImSCkpBdw=,7BwH78sTdCkLtxPm54jASq8ZcJc=
-111,79,sP23gUQoqotgFt4w2EImSCkpBdw=,HwVzHsNgAZ9lDVzel4Eg1Lv3JjU=
-97,75,sP23gUQoqotgFt4w2EImSCkpBdw=,fE45qSYJzb8ByRvAriXAfA68dhI=
-110,79,sP23gUQoqotgFt4w2EImSCkpBdw=,HwVzHsNgAZ9lDVzel4Eg1Lv3JjU=
-97,76,sP23gUQoqotgFt4w2EImSCkpBdw=,Ae5bXhDj7Ny7qS4yTuwDVMcPVxI=
-97,73,sP23gUQoqotgFt4w2EImSCkpBdw=,fE45qSYJzb8ByRvAriXAfA68dhI=
-97,74,sP23gUQoqotgFt4w2EImSCkpBdw=,fE45qSYJzb8ByRvAriXAfA68dhI=
-99,72,sP23gUQoqotgFt4w2EImSCkpBdw=,fE45qSYJzb8ByRvAriXAfA68dhI=
-98,72,sP23gUQoqotgFt4w2EImSCkpBdw=,fE45qSYJzb8ByRvAriXAfA68dhI=
-107,72,sP23gUQoqotgFt4w2EImSCkpBdw=,7BwH78sTdCkLtxPm54jASq8ZcJc=
-106,72,sP23gUQoqotgFt4w2EImSCkpBdw=,7BwH78sTdCkLtxPm54jASq8ZcJc=
-104,72,sP23gUQoqotgFt4w2EImSCkpBdw=,LU5oJY/kMYPddKc8fQGBb5vTNJg=
-100,72,sP23gUQoqotgFt4w2EImSCkpBdw=,fE45qSYJzb8ByRvAriXAfA68dhI=
-103,72,sP23gUQoqotgFt4w2EImSCkpBdw=,LU5oJY/kMYPddKc8fQGBb5vTNJg=
-102,72,sP23gUQoqotgFt4w2EImSCkpBdw=,LU5oJY/kMYPddKc8fQGBb5vTNJg=
-101,72,sP23gUQoqotgFt4w2EImSCkpBdw=,LU5oJY/kMYPddKc8fQGBb5vTNJg=
-105,72,sP23gUQoqotgFt4w2EImSCkpBdw=,7BwH78sTdCkLtxPm54jASq8ZcJc=
-99,76,sP23gUQoqotgFt4w2EImSCkpBdw=,Ae5bXhDj7Ny7qS4yTuwDVMcPVxI=
-108,72,sP23gUQoqotgFt4w2EImSCkpBdw=,7BwH78sTdCkLtxPm54jASq8ZcJc=
-97,72,sP23gUQoqotgFt4w2EImSCkpBdw=,fE45qSYJzb8ByRvAriXAfA68dhI=
-112,77,sP23gUQoqotgFt4w2EImSCkpBdw=,HwVzHsNgAZ9lDVzel4Eg1Lv3JjU=
-112,79,sP23gUQoqotgFt4w2EImSCkpBdw=,HwVzHsNgAZ9lDVzel4Eg1Lv3JjU=
-112,76,sP23gUQoqotgFt4w2EImSCkpBdw=,HwVzHsNgAZ9lDVzel4Eg1Lv3JjU=
-112,78,sP23gUQoqotgFt4w2EImSCkpBdw=,HwVzHsNgAZ9lDVzel4Eg1Lv3JjU=
-99,79,sP23gUQoqotgFt4w2EImSCkpBdw=,Ae5bXhDj7Ny7qS4yTuwDVMcPVxI=
-98,79,sP23gUQoqotgFt4w2EImSCkpBdw=,Ae5bXhDj7Ny7qS4yTuwDVMcPVxI=
-97,79,sP23gUQoqotgFt4w2EImSCkpBdw=,Ae5bXhDj7Ny7qS4yTuwDVMcPVxI=
-100,77,sP23gUQoqotgFt4w2EImSCkpBdw=,Ae5bXhDj7Ny7qS4yTuwDVMcPVxI=
-101,76,sP23gUQoqotgFt4w2EImSCkpBdw=,9oSyojsLHxru5471Z1r8loBsvEU=
-102,76,sP23gUQoqotgFt4w2EImSCkpBdw=,9oSyojsLHxru5471Z1r8loBsvEU=
-103,76,sP23gUQoqotgFt4w2EImSCkpBdw=,9oSyojsLHxru5471Z1r8loBsvEU=
-100,76,sP23gUQoqotgFt4w2EImSCkpBdw=,Ae5bXhDj7Ny7qS4yTuwDVMcPVxI=
-101,77,sP23gUQoqotgFt4w2EImSCkpBdw=,9oSyojsLHxru5471Z1r8loBsvEU=
-101,79,sP23gUQoqotgFt4w2EImSCkpBdw=,9oSyojsLHxru5471Z1r8loBsvEU=
-102,79,sP23gUQoqotgFt4w2EImSCkpBdw=,9oSyojsLHxru5471Z1r8loBsvEU=
-100,75,sP23gUQoqotgFt4w2EImSCkpBdw=,fE45qSYJzb8ByRvAriXAfA68dhI=
-101,75,sP23gUQoqotgFt4w2EImSCkpBdw=,LU5oJY/kMYPddKc8fQGBb5vTNJg=
-103,79,sP23gUQoqotgFt4w2EImSCkpBdw=,9oSyojsLHxru5471Z1r8loBsvEU=
-102,75,sP23gUQoqotgFt4w2EImSCkpBdw=,LU5oJY/kMYPddKc8fQGBb5vTNJg=
-103,78,sP23gUQoqotgFt4w2EImSCkpBdw=,9oSyojsLHxru5471Z1r8loBsvEU=
-100,78,sP23gUQoqotgFt4w2EImSCkpBdw=,Ae5bXhDj7Ny7qS4yTuwDVMcPVxI=
-103,75,sP23gUQoqotgFt4w2EImSCkpBdw=,LU5oJY/kMYPddKc8fQGBb5vTNJg=
-101,78,sP23gUQoqotgFt4w2EImSCkpBdw=,9oSyojsLHxru5471Z1r8loBsvEU=
-100,79,sP23gUQoqotgFt4w2EImSCkpBdw=,Ae5bXhDj7Ny7qS4yTuwDVMcPVxI=
-102,77,sP23gUQoqotgFt4w2EImSCkpBdw=,9oSyojsLHxru5471Z1r8loBsvEU=
-102,78,sP23gUQoqotgFt4w2EImSCkpBdw=,9oSyojsLHxru5471Z1r8loBsvEU=
-103,77,sP23gUQoqotgFt4w2EImSCkpBdw=,9oSyojsLHxru5471Z1r8loBsvEU=
-106,77,sP23gUQoqotgFt4w2EImSCkpBdw=,xl1WBBhBZ7AnNmdeJMq8PLraXF0=
-104,76,sP23gUQoqotgFt4w2EImSCkpBdw=,9oSyojsLHxru5471Z1r8loBsvEU=
-105,79,sP23gUQoqotgFt4w2EImSCkpBdw=,xl1WBBhBZ7AnNmdeJMq8PLraXF0=
-105,76,sP23gUQoqotgFt4w2EImSCkpBdw=,xl1WBBhBZ7AnNmdeJMq8PLraXF0=
-109,77,sP23gUQoqotgFt4w2EImSCkpBdw=,HwVzHsNgAZ9lDVzel4Eg1Lv3JjU=
-106,78,sP23gUQoqotgFt4w2EImSCkpBdw=,xl1WBBhBZ7AnNmdeJMq8PLraXF0=
-109,79,sP23gUQoqotgFt4w2EImSCkpBdw=,HwVzHsNgAZ9lDVzel4Eg1Lv3JjU=
-106,79,sP23gUQoqotgFt4w2EImSCkpBdw=,xl1WBBhBZ7AnNmdeJMq8PLraXF0=
-104,79,sP23gUQoqotgFt4w2EImSCkpBdw=,9oSyojsLHxru5471Z1r8loBsvEU=
-108,76,sP23gUQoqotgFt4w2EImSCkpBdw=,xl1WBBhBZ7AnNmdeJMq8PLraXF0=
-108,79,sP23gUQoqotgFt4w2EImSCkpBdw=,xl1WBBhBZ7AnNmdeJMq8PLraXF0=
-105,78,sP23gUQoqotgFt4w2EImSCkpBdw=,xl1WBBhBZ7AnNmdeJMq8PLraXF0=
-108,75,sP23gUQoqotgFt4w2EImSCkpBdw=,7BwH78sTdCkLtxPm54jASq8ZcJc=
-107,79,sP23gUQoqotgFt4w2EImSCkpBdw=,xl1WBBhBZ7AnNmdeJMq8PLraXF0=
-105,75,sP23gUQoqotgFt4w2EImSCkpBdw=,7BwH78sTdCkLtxPm54jASq8ZcJc=
-109,76,sP23gUQoqotgFt4w2EImSCkpBdw=,HwVzHsNgAZ9lDVzel4Eg1Lv3JjU=
-107,77,sP23gUQoqotgFt4w2EImSCkpBdw=,xl1WBBhBZ7AnNmdeJMq8PLraXF0=
-106,76,sP23gUQoqotgFt4w2EImSCkpBdw=,xl1WBBhBZ7AnNmdeJMq8PLraXF0=
-108,78,sP23gUQoqotgFt4w2EImSCkpBdw=,xl1WBBhBZ7AnNmdeJMq8PLraXF0=
-105,77,sP23gUQoqotgFt4w2EImSCkpBdw=,xl1WBBhBZ7AnNmdeJMq8PLraXF0=
-107,76,sP23gUQoqotgFt4w2EImSCkpBdw=,xl1WBBhBZ7AnNmdeJMq8PLraXF0=
-104,75,sP23gUQoqotgFt4w2EImSCkpBdw=,LU5oJY/kMYPddKc8fQGBb5vTNJg=
-107,75,sP23gUQoqotgFt4w2EImSCkpBdw=,7BwH78sTdCkLtxPm54jASq8ZcJc=
-104,78,sP23gUQoqotgFt4w2EImSCkpBdw=,9oSyojsLHxru5471Z1r8loBsvEU=
-108,77,sP23gUQoqotgFt4w2EImSCkpBdw=,xl1WBBhBZ7AnNmdeJMq8PLraXF0=
-109,78,sP23gUQoqotgFt4w2EImSCkpBdw=,HwVzHsNgAZ9lDVzel4Eg1Lv3JjU=
-104,77,sP23gUQoqotgFt4w2EImSCkpBdw=,9oSyojsLHxru5471Z1r8loBsvEU=
-106,75,sP23gUQoqotgFt4w2EImSCkpBdw=,7BwH78sTdCkLtxPm54jASq8ZcJc=
-107,78,sP23gUQoqotgFt4w2EImSCkpBdw=,xl1WBBhBZ7AnNmdeJMq8PLraXF0=
