14,6,QOR2BaEcN/WZlajX1wQyDHosQWw=,0aWDq3GmiIdRXMDwfXCILUqaFvk=
13,6,QOR2BaEcN/WZlajX1wQyDHosQWw=,0aWDq3GmiIdRXMDwfXCILUqaFvk=
14,5,QOR2BaEcN/WZlajX1wQyDHosQWw=,0aWDq3GmiIdRXMDwfXCILUqaFvk=
13,5,QOR2BaEcN/WZlajX1wQyDHosQWw=,0aWDq3GmiIdRXMDwfXCILUqaFvk=
14,2,SHifFf8opnTxXQVHUB5RxhTyRg4=,uFxEv1SQr2L+BOrRLnXaz4X/xqU=
14,3,BEsVQlC/2ivt2iwJcfdGWbWI2do=,uFxEv1SQr2L+BOrRLnXaz4X/xqU=
13,4,QOR2BaEcN/WZlajX1wQyDHosQWw=,0aWDq3GmiIdRXMDwfXCILUqaFvk=
13,1,SHifFf8opnTxXQVHUB5RxhTyRg4=,uFxEv1SQr2L+BOrRLnXaz4X/xqU=
14,1,SHifFf8opnTxXQVHUB5RxhTyRg4=,uFxEv1SQr2L+BOrRLnXaz4X/xqU=
14,4,QOR2BaEcN/WZlajX1wQyDHosQWw=,0aWDq3GmiIdRXMDwfXCILUqaFvk=
13,3,BEsVQlC/2ivt2iwJcfdGWbWI2do=,uFxEv1SQr2L+BOrRLnXaz4X/xqU=
13,2,SHifFf8opnTxXQVHUB5RxhTyRg4=,uFxEv1SQr2L+BOrRLnXaz4X/xqU=
9,2,BEsVQlC/2ivt2iwJcfdGWbWI2do=,CsUrb1UJGz1xX7CRnrRmu17SgWk=
11,1,BEsVQlC/2ivt2iwJcfdGWbWI2do=,CsUrb1UJGz1xX7CRnrRmu17SgWk=
10,2,BEsVQlC/2ivt2iwJcfdGWbWI2do=,CsUrb1UJGz1xX7CRnrRmu17SgWk=
12,1,BEsVQlC/2ivt2iwJcfdGWbWI2do=,uFxEv1SQr2L+BOrRLnXaz4X/xqU=
11,2,BEsVQlC/2ivt2iwJcfdGWbWI2do=,CsUrb1UJGz1xX7CRnrRmu17SgWk=
12,2,BEsVQlC/2ivt2iwJcfdGWbWI2do=,uFxEv1SQr2L+BOrRLnXaz4X/xqU=
10,1,BEsVQlC/2ivt2iwJcfdGWbWI2do=,CsUrb1UJGz1xX7CRnrRmu17SgWk=
9,1,BEsVQlC/2ivt2iwJcfdGWbWI2do=,CsUrb1UJGz1xX7CRnrRmu17SgWk=
11,6,Bk1tBP0uoWp0lJlMLtWpAQ8eMe4=,BmTUqhmaJgQImybNpEEXTzwB3T8=
11,3,BEsVQlC/2ivt2iwJcfdGWbWI2do=,CsUrb1UJGz1xX7CRnrRmu17SgWk=
10,3,BEsVQlC/2ivt2iwJcfdGWbWI2do=,CsUrb1UJGz1xX7CRnrRmu17SgWk=
11,4,Bk1tBP0uoWp0lJlMLtWpAQ8eMe4=,BmTUqhmaJgQImybNpEEXTzwB3T8=
12,6,QOR2BaEcN/WZlajX1wQyDHosQWw=,0aWDq3GmiIdRXMDwfXCILUqaFvk=
10,4,Bk1tBP0uoWp0lJlMLtWpAQ8eMe4=,BmTUqhmaJgQImybNpEEXTzwB3T8=
11,5,Bk1tBP0uoWp0lJlMLtWpAQ8eMe4=,BmTUqhmaJgQImybNpEEXTzwB3T8=
12,3,BEsVQlC/2ivt2iwJcfdGWbWI2do=,uFxEv1SQr2L+BOrRLnXaz4X/xqU=
12,4,QOR2BaEcN/WZlajX1wQyDHosQWw=,0aWDq3GmiIdRXMDwfXCILUqaFvk=
10,6,d6EkIZWmeQBSlwi/aoqJfREIEOk=,BmTUqhmaJgQImybNpEEXTzwB3T8=
9,4,Bk1tBP0uoWp0lJlMLtWpAQ8eMe4=,BmTUqhmaJgQImybNpEEXTzwB3T8=
10,5,d6EkIZWmeQBSlwi/aoqJfREIEOk=,BmTUqhmaJgQImybNpEEXTzwB3T8=
12,5,QOR2BaEcN/WZlajX1wQyDHosQWw=,0aWDq3GmiIdRXMDwfXCILUqaFvk=
9,3,BEsVQlC/2ivt2iwJcfdGWbWI2do=,CsUrb1UJGz1xX7CRnrRmu17SgWk=
8,1,BEsVQlC/2ivt2iwJcfdGWbWI2do=,CsUrb1UJGz1xX7CRnrRmu17SgWk=
9,6,d6EkIZWmeQBSlwi/aoqJfREIEOk=,BmTUqhmaJgQImybNpEEXTzwB3T8=
9,5,d6EkIZWmeQBSlwi/aoqJfREIEOk=,BmTUqhmaJgQImybNpEEXTzwB3T8=
5,2,Iyg8Zjzb7opl/aivhR4cULXylaA=,1iV0kB8KIwY/erbvZooY55PwOQo=
6,2,Iyg8Zjzb7opl/aivhR4cULXylaA=,1iV0kB8KIwY/erbvZooY55PwOQo=
7,1,Iyg8Zjzb7opl/aivhR4cULXylaA=,1iV0kB8KIwY/erbvZooY55PwOQo=
5,1,Iyg8Zjzb7opl/aivhR4cULXylaA=,1iV0kB8KIwY/erbvZooY55PwOQo=
7,2,Iyg8Zjzb7opl/aivhR4cULXylaA=,1iV0kB8KIwY/erbvZooY55PwOQo=
8,2,BEsVQlC/2ivt2iwJcfdGWbWI2do=,CsUrb1UJGz1xX7CRnrRmu17SgWk=
6,5,eYbWTGrO+yskoRI6gcTZT1tVSjk=,9HTzlUFK5vB3+ctsWSoyB3B2Rm0=
8,3,BEsVQlC/2ivt2iwJcfdGWbWI2do=,CsUrb1UJGz1xX7CRnrRmu17SgWk=
6,1,Iyg8Zjzb7opl/aivhR4cULXylaA=,1iV0kB8KIwY/erbvZooY55PwOQo=
7,3,Iyg8Zjzb7opl/aivhR4cULXylaA=,1iV0kB8KIwY/erbvZooY55PwOQo=
7,5,eYbWTGrO+yskoRI6gcTZT1tVSjk=,9HTzlUFK5vB3+ctsWSoyB3B2Rm0=
5,3,Iyg8Zjzb7opl/aivhR4cULXylaA=,1iV0kB8KIwY/erbvZooY55PwOQo=
8,5,LfuydYOi8G+53gpGLQbGUiHzorA=,BmTUqhmaJgQImybNpEEXTzwB3T8=
6,3,Iyg8Zjzb7opl/aivhR4cULXylaA=,1iV0kB8KIwY/erbvZooY55PwOQo=
7,6,eYbWTGrO+yskoRI6gcTZT1tVSjk=,9HTzlUFK5vB3+ctsWSoyB3B2Rm0=
7,4,eYbWTGrO+yskoRI6gcTZT1tVSjk=,9HTzlUFK5vB3+ctsWSoyB3B2Rm0=
5,5,eYbWTGrO+yskoRI6gcTZT1tVSjk=,9HTzlUFK5vB3+ctsWSoyB3B2Rm0=
5,4,eYbWTGrO+yskoRI6gcTZT1tVSjk=,9HTzlUFK5vB3+ctsWSoyB3B2Rm0=
6,4,eYbWTGrO+yskoRI6gcTZT1tVSjk=,9HTzlUFK5vB3+ctsWSoyB3B2Rm0=
8,4,Bk1tBP0uoWp0lJlMLtWpAQ8eMe4=,BmTUqhmaJgQImybNpEEXTzwB3T8=
5,6,eYbWTGrO+yskoRI6gcTZT1tVSjk=,9HTzlUFK5vB3+ctsWSoyB3B2Rm0=
8,6,d6EkIZWmeQBSlwi/aoqJfREIEOk=,BmTUqhmaJgQImybNpEEXTzwB3T8=
6,6,eYbWTGrO+yskoRI6gcTZT1tVSjk=,9HTzlUFK5vB3+ctsWSoyB3B2Rm0=
1,6,mhjoOn4KVDEaoRjT3pzExOg+QZg=,RDvy3AQND5hTBNAKVbLOiTVMeaI=
2,5,mhjoOn4KVDEaoRjT3pzExOg+QZg=,RDvy3AQND5hTBNAKVbLOiTVMeaI=
4,6,eYbWTGrO+yskoRI6gcTZT1tVSjk=,9HTzlUFK5vB3+ctsWSoyB3B2Rm0=
3,6,mhjoOn4KVDEaoRjT3pzExOg+QZg=,RDvy3AQND5hTBNAKVbLOiTVMeaI=
4,5,eYbWTGrO+yskoRI6gcTZT1tVSjk=,9HTzlUFK5vB3+ctsWSoyB3B2Rm0=
2,6,r82BE4wXgQQ5VFB+9kz3Ey6Cp6E=,RDvy3AQND5hTBNAKVbLOiTVMeaI=
3,5,mhjoOn4KVDEaoRjT3pzExOg+QZg=,RDvy3AQND5hTBNAKVbLOiTVMeaI=
1,5,mhjoOn4KVDEaoRjT3pzExOg+QZg=,RDvy3AQND5hTBNAKVbLOiTVMeaI=
5,9,+BKFjgx4njSKS+JhvPL75moo3TE=,jolyOotXjrVCBQERTd3FALUEYyY=
6,7,eYbWTGrO+yskoRI6gcTZT1tVSjk=,9HTzlUFK5vB3+ctsWSoyB3B2Rm0=
6,8,+BKFjgx4njSKS+JhvPL75moo3TE=,jolyOotXjrVCBQERTd3FALUEYyY=
6,9,+BKFjgx4njSKS+JhvPL75moo3TE=,jolyOotXjrVCBQERTd3FALUEYyY=
5,7,eYbWTGrO+yskoRI6gcTZT1tVSjk=,9HTzlUFK5vB3+ctsWSoyB3B2Rm0=
6,10,+BKFjgx4njSKS+JhvPL75moo3TE=,jolyOotXjrVCBQERTd3FALUEYyY=
5,10,+BKFjgx4njSKS+JhvPL75moo3TE=,jolyOotXjrVCBQERTd3FALUEYyY=
5,8,+BKFjgx4njSKS+JhvPL75moo3TE=,jolyOotXjrVCBQERTd3FALUEYyY=
5,12,jF/G1eJaw9967KAOoT6kt6TqNoY=,Nr8aNu0LpGODfy1Cndpg5AChOc0=
5,11,+BKFjgx4njSKS+JhvPL75moo3TE=,jolyOotXjrVCBQERTd3FALUEYyY=
6,14,jF/G1eJaw9967KAOoT6kt6TqNoY=,Nr8aNu0LpGODfy1Cndpg5AChOc0=
7,13,jF/G1eJaw9967KAOoT6kt6TqNoY=,Nr8aNu0LpGODfy1Cndpg5AChOc0=
6,11,+BKFjgx4njSKS+JhvPL75moo3TE=,jolyOotXjrVCBQERTd3FALUEYyY=
6,13,jF/G1eJaw9967KAOoT6kt6TqNoY=,Nr8aNu0LpGODfy1Cndpg5AChOc0=
5,13,jF/G1eJaw9967KAOoT6kt6TqNoY=,Nr8aNu0LpGODfy1Cndpg5AChOc0=
7,14,jF/G1eJaw9967KAOoT6kt6TqNoY=,Nr8aNu0LpGODfy1Cndpg5AChOc0=
6,12,jF/G1eJaw9967KAOoT6kt6TqNoY=,Nr8aNu0LpGODfy1Cndpg5AChOc0=
4,8,+BKFjgx4njSKS+JhvPL75moo3TE=,jolyOotXjrVCBQERTd3FALUEYyY=
5,14,jF/G1eJaw9967KAOoT6kt6TqNoY=,Nr8aNu0LpGODfy1Cndpg5AChOc0=
3,10,r82BE4wXgQQ5VFB+9kz3Ey6Cp6E=,wz6zmoh/SBDVoKqqmbUt33CW6KM=
1,8,r82BE4wXgQQ5VFB+9kz3Ey6Cp6E=,wz6zmoh/SBDVoKqqmbUt33CW6KM=
2,9,r82BE4wXgQQ5VFB+9kz3Ey6Cp6E=,wz6zmoh/SBDVoKqqmbUt33CW6KM=
1,10,r82BE4wXgQQ5VFB+9kz3Ey6Cp6E=,wz6zmoh/SBDVoKqqmbUt33CW6KM=
1,7,r82BE4wXgQQ5VFB+9kz3Ey6Cp6E=,RDvy3AQND5hTBNAKVbLOiTVMeaI=
1,9,r82BE4wXgQQ5VFB+9kz3Ey6Cp6E=,wz6zmoh/SBDVoKqqmbUt33CW6KM=
4,7,eYbWTGrO+yskoRI6gcTZT1tVSjk=,9HTzlUFK5vB3+ctsWSoyB3B2Rm0=
4,9,+BKFjgx4njSKS+JhvPL75moo3TE=,jolyOotXjrVCBQERTd3FALUEYyY=
2,7,r82BE4wXgQQ5VFB+9kz3Ey6Cp6E=,RDvy3AQND5hTBNAKVbLOiTVMeaI=
0,10,r82BE4wXgQQ5VFB+9kz3Ey6Cp6E=,wz6zmoh/SBDVoKqqmbUt33CW6KM=
4,10,+BKFjgx4njSKS+JhvPL75moo3TE=,jolyOotXjrVCBQERTd3FALUEYyY=
0,9,r82BE4wXgQQ5VFB+9kz3Ey6Cp6E=,wz6zmoh/SBDVoKqqmbUt33CW6KM=
3,7,r82BE4wXgQQ5VFB+9kz3Ey6Cp6E=,RDvy3AQND5hTBNAKVbLOiTVMeaI=
3,9,r82BE4wXgQQ5VFB+9kz3Ey6Cp6E=,wz6zmoh/SBDVoKqqmbUt33CW6KM=
2,10,r82BE4wXgQQ5VFB+9kz3Ey6Cp6E=,wz6zmoh/SBDVoKqqmbUt33CW6KM=
2,8,r82BE4wXgQQ5VFB+9kz3Ey6Cp6E=,wz6zmoh/SBDVoKqqmbUt33CW6KM=
3,8,r82BE4wXgQQ5VFB+9kz3Ey6Cp6E=,wz6zmoh/SBDVoKqqmbUt33CW6KM=
5,15,jF/G1eJaw9967KAOoT6kt6TqNoY=,Nr8aNu0LpGODfy1Cndpg5AChOc0=
0,7,r82BE4wXgQQ5VFB+9kz3Ey6Cp6E=,RDvy3AQND5hTBNAKVbLOiTVMeaI=
0,8,r82BE4wXgQQ5VFB+9kz3Ey6Cp6E=,wz6zmoh/SBDVoKqqmbUt33CW6KM=
6,15,jF/G1eJaw9967KAOoT6kt6TqNoY=,Nr8aNu0LpGODfy1Cndpg5AChOc0=
0,6,r82BE4wXgQQ5VFB+9kz3Ey6Cp6E=,RDvy3AQND5hTBNAKVbLOiTVMeaI=
12,0,BEsVQlC/2ivt2iwJcfdGWbWI2do=,uFxEv1SQr2L+BOrRLnXaz4X/xqU=
11,0,BEsVQlC/2ivt2iwJcfdGWbWI2do=,CsUrb1UJGz1xX7CRnrRmu17SgWk=
10,0,BEsVQlC/2ivt2iwJcfdGWbWI2do=,CsUrb1UJGz1xX7CRnrRmu17SgWk=
14,0,BEsVQlC/2ivt2iwJcfdGWbWI2do=,uFxEv1SQr2L+BOrRLnXaz4X/xqU=
0,5,r82BE4wXgQQ5VFB+9kz3Ey6Cp6E=,RDvy3AQND5hTBNAKVbLOiTVMeaI=
8,0,BEsVQlC/2ivt2iwJcfdGWbWI2do=,CsUrb1UJGz1xX7CRnrRmu17SgWk=
7,0,Iyg8Zjzb7opl/aivhR4cULXylaA=,1iV0kB8KIwY/erbvZooY55PwOQo=
9,0,BEsVQlC/2ivt2iwJcfdGWbWI2do=,CsUrb1UJGz1xX7CRnrRmu17SgWk=
6,0,Iyg8Zjzb7opl/aivhR4cULXylaA=,1iV0kB8KIwY/erbvZooY55PwOQo=
5,0,Iyg8Zjzb7opl/aivhR4cULXylaA=,1iV0kB8KIwY/erbvZooY55PwOQo=
13,7,QOR2BaEcN/WZlajX1wQyDHosQWw=,0aWDq3GmiIdRXMDwfXCILUqaFvk=
15,6,QOR2BaEcN/WZlajX1wQyDHosQWw=,0aWDq3GmiIdRXMDwfXCILUqaFvk=
14,7,QOR2BaEcN/WZlajX1wQyDHosQWw=,0aWDq3GmiIdRXMDwfXCILUqaFvk=
15,7,QOR2BaEcN/WZlajX1wQyDHosQWw=,0aWDq3GmiIdRXMDwfXCILUqaFvk=
15,3,BEsVQlC/2ivt2iwJcfdGWbWI2do=,uFxEv1SQr2L+BOrRLnXaz4X/xqU=
7,15,jF/G1eJaw9967KAOoT6kt6TqNoY=,Nr8aNu0LpGODfy1Cndpg5AChOc0=
15,0,BEsVQlC/2ivt2iwJcfdGWbWI2do=,uFxEv1SQr2L+BOrRLnXaz4X/xqU=
15,2,BEsVQlC/2ivt2iwJcfdGWbWI2do=,uFxEv1SQr2L+BOrRLnXaz4X/xqU=
15,4,QOR2BaEcN/WZlajX1wQyDHosQWw=,0aWDq3GmiIdRXMDwfXCILUqaFvk=
15,1,BEsVQlC/2ivt2iwJcfdGWbWI2do=,uFxEv1SQr2L+BOrRLnXaz4X/xqU=
15,5,QOR2BaEcN/WZlajX1wQyDHosQWw=,0aWDq3GmiIdRXMDwfXCILUqaFvk=
7,12,jF/G1eJaw9967KAOoT6kt6TqNoY=,Nr8aNu0LpGODfy1Cndpg5AChOc0=
8,11,UQue8LEi30jb4pWRoZBQkJeDLh8=,7Quyu1/9XN2v8cmqWG91wRdy5pQ=
11,7,Bk1tBP0uoWp0lJlMLtWpAQ8eMe4=,BmTUqhmaJgQImybNpEEXTzwB3T8=
8,9,UQue8LEi30jb4pWRoZBQkJeDLh8=,7Quyu1/9XN2v8cmqWG91wRdy5pQ=
7,11,+BKFjgx4njSKS+JhvPL75moo3TE=,jolyOotXjrVCBQERTd3FALUEYyY=
9,9,UQue8LEi30jb4pWRoZBQkJeDLh8=,7Quyu1/9XN2v8cmqWG91wRdy5pQ=
11,10,UQue8LEi30jb4pWRoZBQkJeDLh8=,7Quyu1/9XN2v8cmqWG91wRdy5pQ=
11,11,UQue8LEi30jb4pWRoZBQkJeDLh8=,7Quyu1/9XN2v8cmqWG91wRdy5pQ=
11,9,UQue8LEi30jb4pWRoZBQkJeDLh8=,7Quyu1/9XN2v8cmqWG91wRdy5pQ=
10,10,UQue8LEi30jb4pWRoZBQkJeDLh8=,7Quyu1/9XN2v8cmqWG91wRdy5pQ=
11,8,UQue8LEi30jb4pWRoZBQkJeDLh8=,7Quyu1/9XN2v8cmqWG91wRdy5pQ=
13,0,BEsVQlC/2ivt2iwJcfdGWbWI2do=,uFxEv1SQr2L+BOrRLnXaz4X/xqU=
9,8,UQue8LEi30jb4pWRoZBQkJeDLh8=,7Quyu1/9XN2v8cmqWG91wRdy5pQ=
10,11,UQue8LEi30jb4pWRoZBQkJeDLh8=,7Quyu1/9XN2v8cmqWG91wRdy5pQ=
10,8,UQue8LEi30jb4pWRoZBQkJeDLh8=,7Quyu1/9XN2v8cmqWG91wRdy5pQ=
8,8,UQue8LEi30jb4pWRoZBQkJeDLh8=,7Quyu1/9XN2v8cmqWG91wRdy5pQ=
10,9,UQue8LEi30jb4pWRoZBQkJeDLh8=,7Quyu1/9XN2v8cmqWG91wRdy5pQ=
9,10,UQue8LEi30jb4pWRoZBQkJeDLh8=,7Quyu1/9XN2v8cmqWG91wRdy5pQ=
10,7,Bk1tBP0uoWp0lJlMLtWpAQ8eMe4=,BmTUqhmaJgQImybNpEEXTzwB3T8=
12,7,QOR2BaEcN/WZlajX1wQyDHosQWw=,0aWDq3GmiIdRXMDwfXCILUqaFvk=
7,7,eYbWTGrO+yskoRI6gcTZT1tVSjk=,9HTzlUFK5vB3+ctsWSoyB3B2Rm0=
9,11,UQue8LEi30jb4pWRoZBQkJeDLh8=,7Quyu1/9XN2v8cmqWG91wRdy5pQ=
9,7,Bk1tBP0uoWp0lJlMLtWpAQ8eMe4=,BmTUqhmaJgQImybNpEEXTzwB3T8=
8,10,UQue8LEi30jb4pWRoZBQkJeDLh8=,7Quyu1/9XN2v8cmqWG91wRdy5pQ=
7,8,+BKFjgx4njSKS+JhvPL75moo3TE=,jolyOotXjrVCBQERTd3FALUEYyY=
7,10,+BKFjgx4njSKS+JhvPL75moo3TE=,jolyOotXjrVCBQERTd3FALUEYyY=
7,9,+BKFjgx4njSKS+JhvPL75moo3TE=,jolyOotXjrVCBQERTd3FALUEYyY=
8,7,Bk1tBP0uoWp0lJlMLtWpAQ8eMe4=,BmTUqhmaJgQImybNpEEXTzwB3T8=
1,4,r82BE4wXgQQ5VFB+9kz3Ey6Cp6E=,RDvy3AQND5hTBNAKVbLOiTVMeaI=
0,1,Iyg8Zjzb7opl/aivhR4cULXylaA=,3eFlocr5hxBjxqubBQ9KFI9ZT+w=
3,3,Iyg8Zjzb7opl/aivhR4cULXylaA=,3eFlocr5hxBjxqubBQ9KFI9ZT+w=
0,0,Iyg8Zjzb7opl/aivhR4cULXylaA=,3eFlocr5hxBjxqubBQ9KFI9ZT+w=
3,2,Iyg8Zjzb7opl/aivhR4cULXylaA=,3eFlocr5hxBjxqubBQ9KFI9ZT+w=
3,4,r82BE4wXgQQ5VFB+9kz3Ey6Cp6E=,RDvy3AQND5hTBNAKVbLOiTVMeaI=
4,2,Iyg8Zjzb7opl/aivhR4cULXylaA=,1iV0kB8KIwY/erbvZooY55PwOQo=
1,1,Iyg8Zjzb7opl/aivhR4cULXylaA=,3eFlocr5hxBjxqubBQ9KFI9ZT+w=
0,4,r82BE4wXgQQ5VFB+9kz3Ey6Cp6E=,RDvy3AQND5hTBNAKVbLOiTVMeaI=
2,4,r82BE4wXgQQ5VFB+9kz3Ey6Cp6E=,RDvy3AQND5hTBNAKVbLOiTVMeaI=
2,3,Iyg8Zjzb7opl/aivhR4cULXylaA=,3eFlocr5hxBjxqubBQ9KFI9ZT+w=
0,3,Iyg8Zjzb7opl/aivhR4cULXylaA=,3eFlocr5hxBjxqubBQ9KFI9ZT+w=
3,0,Iyg8Zjzb7opl/aivhR4cULXylaA=,3eFlocr5hxBjxqubBQ9KFI9ZT+w=
4,13,jF/G1eJaw9967KAOoT6kt6TqNoY=,Nr8aNu0LpGODfy1Cndpg5AChOc0=
4,12,jF/G1eJaw9967KAOoT6kt6TqNoY=,Nr8aNu0LpGODfy1Cndpg5AChOc0=
3,1,Iyg8Zjzb7opl/aivhR4cULXylaA=,3eFlocr5hxBjxqubBQ9KFI9ZT+w=
4,14,jF/G1eJaw9967KAOoT6kt6TqNoY=,Nr8aNu0LpGODfy1Cndpg5AChOc0=
2,2,Iyg8Zjzb7opl/aivhR4cULXylaA=,3eFlocr5hxBjxqubBQ9KFI9ZT+w=
4,11,+BKFjgx4njSKS+JhvPL75moo3TE=,jolyOotXjrVCBQERTd3FALUEYyY=
2,0,Iyg8Zjzb7opl/aivhR4cULXylaA=,3eFlocr5hxBjxqubBQ9KFI9ZT+w=
1,3,Iyg8Zjzb7opl/aivhR4cULXylaA=,3eFlocr5hxBjxqubBQ9KFI9ZT+w=
0,2,Iyg8Zjzb7opl/aivhR4cULXylaA=,3eFlocr5hxBjxqubBQ9KFI9ZT+w=
4,3,Iyg8Zjzb7opl/aivhR4cULXylaA=,1iV0kB8KIwY/erbvZooY55PwOQo=
2,1,Iyg8Zjzb7opl/aivhR4cULXylaA=,3eFlocr5hxBjxqubBQ9KFI9ZT+w=
1,15,+BKFjgx4njSKS+JhvPL75moo3TE=,byz/CEmc7tVuf4w8dV8Yef36fZU=
4,1,Iyg8Zjzb7opl/aivhR4cULXylaA=,1iV0kB8KIwY/erbvZooY55PwOQo=
1,12,+BKFjgx4njSKS+JhvPL75moo3TE=,byz/CEmc7tVuf4w8dV8Yef36fZU=
4,0,Iyg8Zjzb7opl/aivhR4cULXylaA=,1iV0kB8KIwY/erbvZooY55PwOQo=
2,13,+BKFjgx4njSKS+JhvPL75moo3TE=,byz/CEmc7tVuf4w8dV8Yef36fZU=
4,4,eYbWTGrO+yskoRI6gcTZT1tVSjk=,9HTzlUFK5vB3+ctsWSoyB3B2Rm0=
1,0,Iyg8Zjzb7opl/aivhR4cULXylaA=,3eFlocr5hxBjxqubBQ9KFI9ZT+w=
4,15,jF/G1eJaw9967KAOoT6kt6TqNoY=,Nr8aNu0LpGODfy1Cndpg5AChOc0=
1,2,Iyg8Zjzb7opl/aivhR4cULXylaA=,3eFlocr5hxBjxqubBQ9KFI9ZT+w=
3,13,+BKFjgx4njSKS+JhvPL75moo3TE=,byz/CEmc7tVuf4w8dV8Yef36fZU=
3,15,+BKFjgx4njSKS+JhvPL75moo3TE=,byz/CEmc7tVuf4w8dV8Yef36fZU=
2,11,r82BE4wXgQQ5VFB+9kz3Ey6Cp6E=,wz6zmoh/SBDVoKqqmbUt33CW6KM=
3,12,+BKFjgx4njSKS+JhvPL75moo3TE=,byz/CEmc7tVuf4w8dV8Yef36fZU=
3,14,+BKFjgx4njSKS+JhvPL75moo3TE=,byz/CEmc7tVuf4w8dV8Yef36fZU=
0,14,+BKFjgx4njSKS+JhvPL75moo3TE=,byz/CEmc7tVuf4w8dV8Yef36fZU=
0,12,+BKFjgx4njSKS+JhvPL75moo3TE=,byz/CEmc7tVuf4w8dV8Yef36fZU=
1,13,+BKFjgx4njSKS+JhvPL75moo3TE=,byz/CEmc7tVuf4w8dV8Yef36fZU=
0,15,+BKFjgx4njSKS+JhvPL75moo3TE=,byz/CEmc7tVuf4w8dV8Yef36fZU=
0,13,+BKFjgx4njSKS+JhvPL75moo3TE=,byz/CEmc7tVuf4w8dV8Yef36fZU=
3,11,r82BE4wXgQQ5VFB+9kz3Ey6Cp6E=,wz6zmoh/SBDVoKqqmbUt33CW6KM=
0,11,r82BE4wXgQQ5VFB+9kz3Ey6Cp6E=,wz6zmoh/SBDVoKqqmbUt33CW6KM=
1,11,r82BE4wXgQQ5VFB+9kz3Ey6Cp6E=,wz6zmoh/SBDVoKqqmbUt33CW6KM=
1,14,+BKFjgx4njSKS+JhvPL75moo3TE=,byz/CEmc7tVuf4w8dV8Yef36fZU=
2,14,+BKFjgx4njSKS+JhvPL75moo3TE=,byz/CEmc7tVuf4w8dV8Yef36fZU=
2,15,+BKFjgx4njSKS+JhvPL75moo3TE=,byz/CEmc7tVuf4w8dV8Yef36fZU=
2,12,+BKFjgx4njSKS+JhvPL75moo3TE=,byz/CEmc7tVuf4w8dV8Yef36fZU=
6,26,Z4stSnw7WbQfe9FQRow21qAk7bw=,VsOJfgl81LvC7rmq4axcfaZjOZw=
5,25,Z4stSnw7WbQfe9FQRow21qAk7bw=,VsOJfgl81LvC7rmq4axcfaZjOZw=
6,25,Z4stSnw7WbQfe9FQRow21qAk7bw=,VsOJfgl81LvC7rmq4axcfaZjOZw=
5,26,Z4stSnw7WbQfe9FQRow21qAk7bw=,VsOJfgl81LvC7rmq4axcfaZjOZw=
6,24,Z4stSnw7WbQfe9FQRow21qAk7bw=,VsOJfgl81LvC7rmq4axcfaZjOZw=
5,24,Z4stSnw7WbQfe9FQRow21qAk7bw=,VsOJfgl81LvC7rmq4axcfaZjOZw=
6,22,VmRpZOmW6EM8sXf2SpFVrmxlCSs=,I8bR6cTut1yY3wf7K4YLNoE6vJQ=
5,23,zNMTsDozp7sV5otP2QKAjIARK0c=,I8bR6cTut1yY3wf7K4YLNoE6vJQ=
6,23,zNMTsDozp7sV5otP2QKAjIARK0c=,I8bR6cTut1yY3wf7K4YLNoE6vJQ=
5,22,VmRpZOmW6EM8sXf2SpFVrmxlCSs=,I8bR6cTut1yY3wf7K4YLNoE6vJQ=
5,21,VmRpZOmW6EM8sXf2SpFVrmxlCSs=,I8bR6cTut1yY3wf7K4YLNoE6vJQ=
6,21,VmRpZOmW6EM8sXf2SpFVrmxlCSs=,I8bR6cTut1yY3wf7K4YLNoE6vJQ=
2,25,Cefc7oBMeqV6NG8d0jI5yGuxbsM=,N+jxHfS1u4/knvVUy0j481q0uLA=
1,25,Cefc7oBMeqV6NG8d0jI5yGuxbsM=,N+jxHfS1u4/knvVUy0j481q0uLA=
4,25,Z4stSnw7WbQfe9FQRow21qAk7bw=,VsOJfgl81LvC7rmq4axcfaZjOZw=
4,26,Z4stSnw7WbQfe9FQRow21qAk7bw=,VsOJfgl81LvC7rmq4axcfaZjOZw=
1,26,VZG0ZhL/0izD0yC1nyWhVMx0uqg=,N+jxHfS1u4/knvVUy0j481q0uLA=
2,26,Cefc7oBMeqV6NG8d0jI5yGuxbsM=,N+jxHfS1u4/knvVUy0j481q0uLA=
3,25,Z4stSnw7WbQfe9FQRow21qAk7bw=,N+jxHfS1u4/knvVUy0j481q0uLA=
3,26,Z4stSnw7WbQfe9FQRow21qAk7bw=,N+jxHfS1u4/knvVUy0j481q0uLA=
4,23,zNMTsDozp7sV5otP2QKAjIARK0c=,I8bR6cTut1yY3wf7K4YLNoE6vJQ=
4,21,VmRpZOmW6EM8sXf2SpFVrmxlCSs=,I8bR6cTut1yY3wf7K4YLNoE6vJQ=
4,22,VmRpZOmW6EM8sXf2SpFVrmxlCSs=,I8bR6cTut1yY3wf7K4YLNoE6vJQ=
2,23,iG9TZYPxPOEKS/1+gKutVqU2+s0=,UR/lhbWTMpOAdviPqTmIzYofpeU=
1,21,iG9TZYPxPOEKS/1+gKutVqU2+s0=,UR/lhbWTMpOAdviPqTmIzYofpeU=
3,22,iG9TZYPxPOEKS/1+gKutVqU2+s0=,UR/lhbWTMpOAdviPqTmIzYofpeU=
3,24,Z4stSnw7WbQfe9FQRow21qAk7bw=,N+jxHfS1u4/knvVUy0j481q0uLA=
3,23,iG9TZYPxPOEKS/1+gKutVqU2+s0=,UR/lhbWTMpOAdviPqTmIzYofpeU=
4,24,Z4stSnw7WbQfe9FQRow21qAk7bw=,VsOJfgl81LvC7rmq4axcfaZjOZw=
2,24,Cefc7oBMeqV6NG8d0jI5yGuxbsM=,N+jxHfS1u4/knvVUy0j481q0uLA=
1,24,Cefc7oBMeqV6NG8d0jI5yGuxbsM=,N+jxHfS1u4/knvVUy0j481q0uLA=
2,22,iG9TZYPxPOEKS/1+gKutVqU2+s0=,UR/lhbWTMpOAdviPqTmIzYofpeU=
2,21,iG9TZYPxPOEKS/1+gKutVqU2+s0=,UR/lhbWTMpOAdviPqTmIzYofpeU=
3,21,iG9TZYPxPOEKS/1+gKutVqU2+s0=,UR/lhbWTMpOAdviPqTmIzYofpeU=
1,23,jF/G1eJaw9967KAOoT6kt6TqNoY=,UR/lhbWTMpOAdviPqTmIzYofpeU=
1,22,iG9TZYPxPOEKS/1+gKutVqU2+s0=,UR/lhbWTMpOAdviPqTmIzYofpeU=
6,18,iG9TZYPxPOEKS/1+gKutVqU2+s0=,YiNN822j/EK5lt7wD6Xd+yg54j0=
5,19,iG9TZYPxPOEKS/1+gKutVqU2+s0=,YiNN822j/EK5lt7wD6Xd+yg54j0=
6,17,iG9TZYPxPOEKS/1+gKutVqU2+s0=,YiNN822j/EK5lt7wD6Xd+yg54j0=
6,20,zNMTsDozp7sV5otP2QKAjIARK0c=,I8bR6cTut1yY3wf7K4YLNoE6vJQ=
5,18,iG9TZYPxPOEKS/1+gKutVqU2+s0=,YiNN822j/EK5lt7wD6Xd+yg54j0=
5,17,iG9TZYPxPOEKS/1+gKutVqU2+s0=,YiNN822j/EK5lt7wD6Xd+yg54j0=
6,19,iG9TZYPxPOEKS/1+gKutVqU2+s0=,YiNN822j/EK5lt7wD6Xd+yg54j0=
5,20,zNMTsDozp7sV5otP2QKAjIARK0c=,I8bR6cTut1yY3wf7K4YLNoE6vJQ=
8,17,4e43Q7m4EVq2qGbCvsokUy18kGk=,sJz2cGxrcrb7Vzrv+oJesITbTAo=
9,17,pO2Cngq6Ej5FdWSvDXPteYOJUmo=,sJz2cGxrcrb7Vzrv+oJesITbTAo=
10,17,pO2Cngq6Ej5FdWSvDXPteYOJUmo=,sJz2cGxrcrb7Vzrv+oJesITbTAo=
8,18,4e43Q7m4EVq2qGbCvsokUy18kGk=,sJz2cGxrcrb7Vzrv+oJesITbTAo=
7,17,iG9TZYPxPOEKS/1+gKutVqU2+s0=,YiNN822j/EK5lt7wD6Xd+yg54j0=
9,18,4e43Q7m4EVq2qGbCvsokUy18kGk=,sJz2cGxrcrb7Vzrv+oJesITbTAo=
10,18,4e43Q7m4EVq2qGbCvsokUy18kGk=,sJz2cGxrcrb7Vzrv+oJesITbTAo=
7,18,iG9TZYPxPOEKS/1+gKutVqU2+s0=,YiNN822j/EK5lt7wD6Xd+yg54j0=
12,17,q37RvjfZlWRUBW+62q5As+sHioI=,p8ky2OHCWgkAX85mOpccQPrJ304=
13,17,q37RvjfZlWRUBW+62q5As+sHioI=,p8ky2OHCWgkAX85mOpccQPrJ304=
14,18,q37RvjfZlWRUBW+62q5As+sHioI=,p8ky2OHCWgkAX85mOpccQPrJ304=
13,18,q37RvjfZlWRUBW+62q5As+sHioI=,p8ky2OHCWgkAX85mOpccQPrJ304=
14,17,q37RvjfZlWRUBW+62q5As+sHioI=,p8ky2OHCWgkAX85mOpccQPrJ304=
12,18,q37RvjfZlWRUBW+62q5As+sHioI=,p8ky2OHCWgkAX85mOpccQPrJ304=
11,17,4e43Q7m4EVq2qGbCvsokUy18kGk=,sJz2cGxrcrb7Vzrv+oJesITbTAo=
11,18,4e43Q7m4EVq2qGbCvsokUy18kGk=,sJz2cGxrcrb7Vzrv+oJesITbTAo=
15,17,q37RvjfZlWRUBW+62q5As+sHioI=,p8ky2OHCWgkAX85mOpccQPrJ304=
7,25,Z4stSnw7WbQfe9FQRow21qAk7bw=,VsOJfgl81LvC7rmq4axcfaZjOZw=
7,26,Z4stSnw7WbQfe9FQRow21qAk7bw=,VsOJfgl81LvC7rmq4axcfaZjOZw=
7,22,zNMTsDozp7sV5otP2QKAjIARK0c=,I8bR6cTut1yY3wf7K4YLNoE6vJQ=
7,24,Z4stSnw7WbQfe9FQRow21qAk7bw=,VsOJfgl81LvC7rmq4axcfaZjOZw=
10,23,zNMTsDozp7sV5otP2QKAjIARK0c=,IUPDvaGeXRF+BdGS1nRvmXEahhA=
9,23,zNMTsDozp7sV5otP2QKAjIARK0c=,IUPDvaGeXRF+BdGS1nRvmXEahhA=
10,22,zNMTsDozp7sV5otP2QKAjIARK0c=,IUPDvaGeXRF+BdGS1nRvmXEahhA=
8,23,zNMTsDozp7sV5otP2QKAjIARK0c=,IUPDvaGeXRF+BdGS1nRvmXEahhA=
9,22,zNMTsDozp7sV5otP2QKAjIARK0c=,IUPDvaGeXRF+BdGS1nRvmXEahhA=
8,19,4e43Q7m4EVq2qGbCvsokUy18kGk=,sJz2cGxrcrb7Vzrv+oJesITbTAo=
15,18,q37RvjfZlWRUBW+62q5As+sHioI=,p8ky2OHCWgkAX85mOpccQPrJ304=
10,20,zNMTsDozp7sV5otP2QKAjIARK0c=,IUPDvaGeXRF+BdGS1nRvmXEahhA=
7,21,zNMTsDozp7sV5otP2QKAjIARK0c=,I8bR6cTut1yY3wf7K4YLNoE6vJQ=
9,20,zNMTsDozp7sV5otP2QKAjIARK0c=,IUPDvaGeXRF+BdGS1nRvmXEahhA=
10,21,zNMTsDozp7sV5otP2QKAjIARK0c=,IUPDvaGeXRF+BdGS1nRvmXEahhA=
9,21,zNMTsDozp7sV5otP2QKAjIARK0c=,IUPDvaGeXRF+BdGS1nRvmXEahhA=
8,22,zNMTsDozp7sV5otP2QKAjIARK0c=,IUPDvaGeXRF+BdGS1nRvmXEahhA=
7,20,zNMTsDozp7sV5otP2QKAjIARK0c=,I8bR6cTut1yY3wf7K4YLNoE6vJQ=
7,23,zNMTsDozp7sV5otP2QKAjIARK0c=,I8bR6cTut1yY3wf7K4YLNoE6vJQ=
8,21,zNMTsDozp7sV5otP2QKAjIARK0c=,IUPDvaGeXRF+BdGS1nRvmXEahhA=
10,19,4e43Q7m4EVq2qGbCvsokUy18kGk=,sJz2cGxrcrb7Vzrv+oJesITbTAo=
8,20,zNMTsDozp7sV5otP2QKAjIARK0c=,IUPDvaGeXRF+BdGS1nRvmXEahhA=
7,19,iG9TZYPxPOEKS/1+gKutVqU2+s0=,YiNN822j/EK5lt7wD6Xd+yg54j0=
9,19,4e43Q7m4EVq2qGbCvsokUy18kGk=,sJz2cGxrcrb7Vzrv+oJesITbTAo=
0,21,jF/G1eJaw9967KAOoT6kt6TqNoY=,UR/lhbWTMpOAdviPqTmIzYofpeU=
0,24,Z4stSnw7WbQfe9FQRow21qAk7bw=,N+jxHfS1u4/knvVUy0j481q0uLA=
0,22,iG9TZYPxPOEKS/1+gKutVqU2+s0=,UR/lhbWTMpOAdviPqTmIzYofpeU=
0,23,iG9TZYPxPOEKS/1+gKutVqU2+s0=,UR/lhbWTMpOAdviPqTmIzYofpeU=
1,29,Z4stSnw7WbQfe9FQRow21qAk7bw=,w0rvAqZNnrAtu5RxcudWokch9QA=
1,27,Z4stSnw7WbQfe9FQRow21qAk7bw=,N+jxHfS1u4/knvVUy0j481q0uLA=
0,25,Z4stSnw7WbQfe9FQRow21qAk7bw=,N+jxHfS1u4/knvVUy0j481q0uLA=
1,30,Z4stSnw7WbQfe9FQRow21qAk7bw=,w0rvAqZNnrAtu5RxcudWokch9QA=
1,28,Z4stSnw7WbQfe9FQRow21qAk7bw=,w0rvAqZNnrAtu5RxcudWokch9QA=
2,27,Z4stSnw7WbQfe9FQRow21qAk7bw=,N+jxHfS1u4/knvVUy0j481q0uLA=
2,30,Z4stSnw7WbQfe9FQRow21qAk7bw=,w0rvAqZNnrAtu5RxcudWokch9QA=
2,28,Z4stSnw7WbQfe9FQRow21qAk7bw=,w0rvAqZNnrAtu5RxcudWokch9QA=
2,29,Z4stSnw7WbQfe9FQRow21qAk7bw=,w0rvAqZNnrAtu5RxcudWokch9QA=
2,31,Z4stSnw7WbQfe9FQRow21qAk7bw=,w0rvAqZNnrAtu5RxcudWokch9QA=
1,31,Z4stSnw7WbQfe9FQRow21qAk7bw=,w0rvAqZNnrAtu5RxcudWokch9QA=
8,16,4e43Q7m4EVq2qGbCvsokUy18kGk=,sJz2cGxrcrb7Vzrv+oJesITbTAo=
9,16,4e43Q7m4EVq2qGbCvsokUy18kGk=,sJz2cGxrcrb7Vzrv+oJesITbTAo=
5,16,iG9TZYPxPOEKS/1+gKutVqU2+s0=,YiNN822j/EK5lt7wD6Xd+yg54j0=
10,16,4e43Q7m4EVq2qGbCvsokUy18kGk=,sJz2cGxrcrb7Vzrv+oJesITbTAo=
0,30,Z4stSnw7WbQfe9FQRow21qAk7bw=,w0rvAqZNnrAtu5RxcudWokch9QA=
0,27,Z4stSnw7WbQfe9FQRow21qAk7bw=,N+jxHfS1u4/knvVUy0j481q0uLA=
0,29,Z4stSnw7WbQfe9FQRow21qAk7bw=,w0rvAqZNnrAtu5RxcudWokch9QA=
0,28,Z4stSnw7WbQfe9FQRow21qAk7bw=,w0rvAqZNnrAtu5RxcudWokch9QA=
0,31,Z4stSnw7WbQfe9FQRow21qAk7bw=,w0rvAqZNnrAtu5RxcudWokch9QA=
12,16,q37RvjfZlWRUBW+62q5As+sHioI=,p8ky2OHCWgkAX85mOpccQPrJ304=
14,16,q37RvjfZlWRUBW+62q5As+sHioI=,p8ky2OHCWgkAX85mOpccQPrJ304=
13,16,q37RvjfZlWRUBW+62q5As+sHioI=,p8ky2OHCWgkAX85mOpccQPrJ304=
11,16,4e43Q7m4EVq2qGbCvsokUy18kGk=,sJz2cGxrcrb7Vzrv+oJesITbTAo=
15,16,q37RvjfZlWRUBW+62q5As+sHioI=,p8ky2OHCWgkAX85mOpccQPrJ304=
7,16,iG9TZYPxPOEKS/1+gKutVqU2+s0=,YiNN822j/EK5lt7wD6Xd+yg54j0=
6,16,iG9TZYPxPOEKS/1+gKutVqU2+s0=,YiNN822j/EK5lt7wD6Xd+yg54j0=
4,18,iG9TZYPxPOEKS/1+gKutVqU2+s0=,YiNN822j/EK5lt7wD6Xd+yg54j0=
2,16,+BKFjgx4njSKS+JhvPL75moo3TE=,q0AZwC46uuImzkcwOIfHJ+3qSm0=
3,20,iG9TZYPxPOEKS/1+gKutVqU2+s0=,UR/lhbWTMpOAdviPqTmIzYofpeU=
1,16,+BKFjgx4njSKS+JhvPL75moo3TE=,q0AZwC46uuImzkcwOIfHJ+3qSm0=
4,19,iG9TZYPxPOEKS/1+gKutVqU2+s0=,YiNN822j/EK5lt7wD6Xd+yg54j0=
1,20,iG9TZYPxPOEKS/1+gKutVqU2+s0=,UR/lhbWTMpOAdviPqTmIzYofpeU=
4,17,iG9TZYPxPOEKS/1+gKutVqU2+s0=,YiNN822j/EK5lt7wD6Xd+yg54j0=
2,20,iG9TZYPxPOEKS/1+gKutVqU2+s0=,UR/lhbWTMpOAdviPqTmIzYofpeU=
3,19,+BKFjgx4njSKS+JhvPL75moo3TE=,q0AZwC46uuImzkcwOIfHJ+3qSm0=
0,20,iG9TZYPxPOEKS/1+gKutVqU2+s0=,UR/lhbWTMpOAdviPqTmIzYofpeU=
2,19,+BKFjgx4njSKS+JhvPL75moo3TE=,q0AZwC46uuImzkcwOIfHJ+3qSm0=
3,16,+BKFjgx4njSKS+JhvPL75moo3TE=,q0AZwC46uuImzkcwOIfHJ+3qSm0=
4,16,iG9TZYPxPOEKS/1+gKutVqU2+s0=,YiNN822j/EK5lt7wD6Xd+yg54j0=
0,17,+BKFjgx4njSKS+JhvPL75moo3TE=,q0AZwC46uuImzkcwOIfHJ+3qSm0=
0,19,+BKFjgx4njSKS+JhvPL75moo3TE=,q0AZwC46uuImzkcwOIfHJ+3qSm0=
4,20,zNMTsDozp7sV5otP2QKAjIARK0c=,I8bR6cTut1yY3wf7K4YLNoE6vJQ=
0,16,+BKFjgx4njSKS+JhvPL75moo3TE=,q0AZwC46uuImzkcwOIfHJ+3qSm0=
0,26,Z4stSnw7WbQfe9FQRow21qAk7bw=,N+jxHfS1u4/knvVUy0j481q0uLA=
1,19,+BKFjgx4njSKS+JhvPL75moo3TE=,q0AZwC46uuImzkcwOIfHJ+3qSm0=
2,18,+BKFjgx4njSKS+JhvPL75moo3TE=,q0AZwC46uuImzkcwOIfHJ+3qSm0=
0,18,+BKFjgx4njSKS+JhvPL75moo3TE=,q0AZwC46uuImzkcwOIfHJ+3qSm0=
1,17,+BKFjgx4njSKS+JhvPL75moo3TE=,q0AZwC46uuImzkcwOIfHJ+3qSm0=
3,18,+BKFjgx4njSKS+JhvPL75moo3TE=,q0AZwC46uuImzkcwOIfHJ+3qSm0=
1,18,+BKFjgx4njSKS+JhvPL75moo3TE=,q0AZwC46uuImzkcwOIfHJ+3qSm0=
2,17,+BKFjgx4njSKS+JhvPL75moo3TE=,q0AZwC46uuImzkcwOIfHJ+3qSm0=
3,17,+BKFjgx4njSKS+JhvPL75moo3TE=,q0AZwC46uuImzkcwOIfHJ+3qSm0=
12,23,yk/0wz4Szmel8o9GNM8V4UDcFbQ=,Y/NIDVwIyvOOf2XGLkSvwwxT41Y=
13,23,yk/0wz4Szmel8o9GNM8V4UDcFbQ=,Y/NIDVwIyvOOf2XGLkSvwwxT41Y=
14,23,yk/0wz4Szmel8o9GNM8V4UDcFbQ=,Y/NIDVwIyvOOf2XGLkSvwwxT41Y=
15,22,yk/0wz4Szmel8o9GNM8V4UDcFbQ=,Y/NIDVwIyvOOf2XGLkSvwwxT41Y=
12,21,yk/0wz4Szmel8o9GNM8V4UDcFbQ=,Y/NIDVwIyvOOf2XGLkSvwwxT41Y=
12,19,q37RvjfZlWRUBW+62q5As+sHioI=,p8ky2OHCWgkAX85mOpccQPrJ304=
15,23,yk/0wz4Szmel8o9GNM8V4UDcFbQ=,Y/NIDVwIyvOOf2XGLkSvwwxT41Y=
11,20,iR1DGNk02/zXYfEitw7yjQCOHvc=,IUPDvaGeXRF+BdGS1nRvmXEahhA=
15,20,yk/0wz4Szmel8o9GNM8V4UDcFbQ=,Y/NIDVwIyvOOf2XGLkSvwwxT41Y=
13,19,q37RvjfZlWRUBW+62q5As+sHioI=,p8ky2OHCWgkAX85mOpccQPrJ304=
11,21,iR1DGNk02/zXYfEitw7yjQCOHvc=,IUPDvaGeXRF+BdGS1nRvmXEahhA=
11,23,iR1DGNk02/zXYfEitw7yjQCOHvc=,IUPDvaGeXRF+BdGS1nRvmXEahhA=
14,22,yk/0wz4Szmel8o9GNM8V4UDcFbQ=,Y/NIDVwIyvOOf2XGLkSvwwxT41Y=
14,20,yk/0wz4Szmel8o9GNM8V4UDcFbQ=,Y/NIDVwIyvOOf2XGLkSvwwxT41Y=
13,22,yk/0wz4Szmel8o9GNM8V4UDcFbQ=,Y/NIDVwIyvOOf2XGLkSvwwxT41Y=
12,22,yk/0wz4Szmel8o9GNM8V4UDcFbQ=,Y/NIDVwIyvOOf2XGLkSvwwxT41Y=
11,22,iR1DGNk02/zXYfEitw7yjQCOHvc=,IUPDvaGeXRF+BdGS1nRvmXEahhA=
13,21,yk/0wz4Szmel8o9GNM8V4UDcFbQ=,Y/NIDVwIyvOOf2XGLkSvwwxT41Y=
13,20,yk/0wz4Szmel8o9GNM8V4UDcFbQ=,Y/NIDVwIyvOOf2XGLkSvwwxT41Y=
14,19,q37RvjfZlWRUBW+62q5As+sHioI=,p8ky2OHCWgkAX85mOpccQPrJ304=
15,19,q37RvjfZlWRUBW+62q5As+sHioI=,p8ky2OHCWgkAX85mOpccQPrJ304=
14,21,yk/0wz4Szmel8o9GNM8V4UDcFbQ=,Y/NIDVwIyvOOf2XGLkSvwwxT41Y=
12,20,yk/0wz4Szmel8o9GNM8V4UDcFbQ=,Y/NIDVwIyvOOf2XGLkSvwwxT41Y=
15,21,yk/0wz4Szmel8o9GNM8V4UDcFbQ=,Y/NIDVwIyvOOf2XGLkSvwwxT41Y=
11,19,4e43Q7m4EVq2qGbCvsokUy18kGk=,sJz2cGxrcrb7Vzrv+oJesITbTAo=
7,28,Z4stSnw7WbQfe9FQRow21qAk7bw=,cZczunEaOmsM78tOpE8TMNxofSQ=
7,31,Z4stSnw7WbQfe9FQRow21qAk7bw=,cZczunEaOmsM78tOpE8TMNxofSQ=
6,31,Z4stSnw7WbQfe9FQRow21qAk7bw=,cZczunEaOmsM78tOpE8TMNxofSQ=
5,31,Z4stSnw7WbQfe9FQRow21qAk7bw=,cZczunEaOmsM78tOpE8TMNxofSQ=
7,30,Z4stSnw7WbQfe9FQRow21qAk7bw=,cZczunEaOmsM78tOpE8TMNxofSQ=
6,30,Z4stSnw7WbQfe9FQRow21qAk7bw=,cZczunEaOmsM78tOpE8TMNxofSQ=
3,29,Z4stSnw7WbQfe9FQRow21qAk7bw=,w0rvAqZNnrAtu5RxcudWokch9QA=
5,30,Z4stSnw7WbQfe9FQRow21qAk7bw=,cZczunEaOmsM78tOpE8TMNxofSQ=
3,30,Z4stSnw7WbQfe9FQRow21qAk7bw=,w0rvAqZNnrAtu5RxcudWokch9QA=
7,29,Z4stSnw7WbQfe9FQRow21qAk7bw=,cZczunEaOmsM78tOpE8TMNxofSQ=
7,27,Z4stSnw7WbQfe9FQRow21qAk7bw=,VsOJfgl81LvC7rmq4axcfaZjOZw=
6,27,Z4stSnw7WbQfe9FQRow21qAk7bw=,VsOJfgl81LvC7rmq4axcfaZjOZw=
3,31,Z4stSnw7WbQfe9FQRow21qAk7bw=,w0rvAqZNnrAtu5RxcudWokch9QA=
6,29,Z4stSnw7WbQfe9FQRow21qAk7bw=,cZczunEaOmsM78tOpE8TMNxofSQ=
3,27,Z4stSnw7WbQfe9FQRow21qAk7bw=,N+jxHfS1u4/knvVUy0j481q0uLA=
4,31,Z4stSnw7WbQfe9FQRow21qAk7bw=,cZczunEaOmsM78tOpE8TMNxofSQ=
4,30,Z4stSnw7WbQfe9FQRow21qAk7bw=,cZczunEaOmsM78tOpE8TMNxofSQ=
3,28,Z4stSnw7WbQfe9FQRow21qAk7bw=,w0rvAqZNnrAtu5RxcudWokch9QA=
4,29,Z4stSnw7WbQfe9FQRow21qAk7bw=,cZczunEaOmsM78tOpE8TMNxofSQ=
5,29,Z4stSnw7WbQfe9FQRow21qAk7bw=,cZczunEaOmsM78tOpE8TMNxofSQ=
5,27,Z4stSnw7WbQfe9FQRow21qAk7bw=,VsOJfgl81LvC7rmq4axcfaZjOZw=
5,28,Z4stSnw7WbQfe9FQRow21qAk7bw=,cZczunEaOmsM78tOpE8TMNxofSQ=
4,27,Z4stSnw7WbQfe9FQRow21qAk7bw=,VsOJfgl81LvC7rmq4axcfaZjOZw=
4,28,Z4stSnw7WbQfe9FQRow21qAk7bw=,cZczunEaOmsM78tOpE8TMNxofSQ=
6,28,Z4stSnw7WbQfe9FQRow21qAk7bw=,cZczunEaOmsM78tOpE8TMNxofSQ=
21,29,RTMoNclmf6Uq1NWPk9mGR5DTnPg=,d0dXc6baHOFugnH3ThxvXx0VpvM=
22,29,RTMoNclmf6Uq1NWPk9mGR5DTnPg=,d0dXc6baHOFugnH3ThxvXx0VpvM=
22,30,RTMoNclmf6Uq1NWPk9mGR5DTnPg=,d0dXc6baHOFugnH3ThxvXx0VpvM=
21,30,RTMoNclmf6Uq1NWPk9mGR5DTnPg=,d0dXc6baHOFugnH3ThxvXx0VpvM=
17,25,rzelYeVnVN2fFUkxqtHEdVhuN54=,hVe8h7dmExQ+uSMbAD7D/dFtLNc=
18,25,rzelYeVnVN2fFUkxqtHEdVhuN54=,hVe8h7dmExQ+uSMbAD7D/dFtLNc=
17,26,rzelYeVnVN2fFUkxqtHEdVhuN54=,hVe8h7dmExQ+uSMbAD7D/dFtLNc=
18,26,rzelYeVnVN2fFUkxqtHEdVhuN54=,hVe8h7dmExQ+uSMbAD7D/dFtLNc=
21,27,7S2YfNB0/E25HTMmwTpBfK/IlU0=,+idKDs57jFo3ma3wdCwVcX0qP9Q=
19,26,rzelYeVnVN2fFUkxqtHEdVhuN54=,hVe8h7dmExQ+uSMbAD7D/dFtLNc=
22,26,rzelYeVnVN2fFUkxqtHEdVhuN54=,+idKDs57jFo3ma3wdCwVcX0qP9Q=
20,26,rzelYeVnVN2fFUkxqtHEdVhuN54=,+idKDs57jFo3ma3wdCwVcX0qP9Q=
21,26,rzelYeVnVN2fFUkxqtHEdVhuN54=,+idKDs57jFo3ma3wdCwVcX0qP9Q=
22,25,rzelYeVnVN2fFUkxqtHEdVhuN54=,+idKDs57jFo3ma3wdCwVcX0qP9Q=
22,28,ko9MXgP1BfW7OwqXazRhQev2YT4=,d0dXc6baHOFugnH3ThxvXx0VpvM=
21,25,rzelYeVnVN2fFUkxqtHEdVhuN54=,+idKDs57jFo3ma3wdCwVcX0qP9Q=
20,25,rzelYeVnVN2fFUkxqtHEdVhuN54=,+idKDs57jFo3ma3wdCwVcX0qP9Q=
19,25,rzelYeVnVN2fFUkxqtHEdVhuN54=,hVe8h7dmExQ+uSMbAD7D/dFtLNc=
21,28,ko9MXgP1BfW7OwqXazRhQev2YT4=,d0dXc6baHOFugnH3ThxvXx0VpvM=
22,27,7S2YfNB0/E25HTMmwTpBfK/IlU0=,+idKDs57jFo3ma3wdCwVcX0qP9Q=
25,21,wgDJSexkGCBLarNQf+0WIKm698Y=,hnejlfZ2LaIYuCukNfsP7LfpgqU=
26,21,wgDJSexkGCBLarNQf+0WIKm698Y=,hnejlfZ2LaIYuCukNfsP7LfpgqU=
25,22,wgDJSexkGCBLarNQf+0WIKm698Y=,hnejlfZ2LaIYuCukNfsP7LfpgqU=
18,17,7S2YfNB0/E25HTMmwTpBfK/IlU0=,UVEdGWTh2+MXhKcmhwuwu9kJrEs=
17,17,7S2YfNB0/E25HTMmwTpBfK/IlU0=,UVEdGWTh2+MXhKcmhwuwu9kJrEs=
17,18,7S2YfNB0/E25HTMmwTpBfK/IlU0=,UVEdGWTh2+MXhKcmhwuwu9kJrEs=
18,18,7S2YfNB0/E25HTMmwTpBfK/IlU0=,UVEdGWTh2+MXhKcmhwuwu9kJrEs=
19,17,7S2YfNB0/E25HTMmwTpBfK/IlU0=,UVEdGWTh2+MXhKcmhwuwu9kJrEs=
26,22,wgDJSexkGCBLarNQf+0WIKm698Y=,hnejlfZ2LaIYuCukNfsP7LfpgqU=
23,29,ko9MXgP1BfW7OwqXazRhQev2YT4=,d0dXc6baHOFugnH3ThxvXx0VpvM=
23,30,ko9MXgP1BfW7OwqXazRhQev2YT4=,d0dXc6baHOFugnH3ThxvXx0VpvM=
24,26,ko9MXgP1BfW7OwqXazRhQev2YT4=,j+4GpWSUhC2I7VAVq9C3F7SoPvA=
23,26,7S2YfNB0/E25HTMmwTpBfK/IlU0=,+idKDs57jFo3ma3wdCwVcX0qP9Q=
25,26,RTMoNclmf6Uq1NWPk9mGR5DTnPg=,j+4GpWSUhC2I7VAVq9C3F7SoPvA=
26,26,RTMoNclmf6Uq1NWPk9mGR5DTnPg=,j+4GpWSUhC2I7VAVq9C3F7SoPvA=
26,25,RTMoNclmf6Uq1NWPk9mGR5DTnPg=,j+4GpWSUhC2I7VAVq9C3F7SoPvA=
19,18,7S2YfNB0/E25HTMmwTpBfK/IlU0=,UVEdGWTh2+MXhKcmhwuwu9kJrEs=
26,27,ko9MXgP1BfW7OwqXazRhQev2YT4=,j+4GpWSUhC2I7VAVq9C3F7SoPvA=
25,27,ko9MXgP1BfW7OwqXazRhQev2YT4=,j+4GpWSUhC2I7VAVq9C3F7SoPvA=
23,27,7S2YfNB0/E25HTMmwTpBfK/IlU0=,+idKDs57jFo3ma3wdCwVcX0qP9Q=
25,24,ko9MXgP1BfW7OwqXazRhQev2YT4=,j+4GpWSUhC2I7VAVq9C3F7SoPvA=
26,24,ko9MXgP1BfW7OwqXazRhQev2YT4=,j+4GpWSUhC2I7VAVq9C3F7SoPvA=
24,27,ko9MXgP1BfW7OwqXazRhQev2YT4=,j+4GpWSUhC2I7VAVq9C3F7SoPvA=
23,25,7S2YfNB0/E25HTMmwTpBfK/IlU0=,+idKDs57jFo3ma3wdCwVcX0qP9Q=
23,28,ko9MXgP1BfW7OwqXazRhQev2YT4=,d0dXc6baHOFugnH3ThxvXx0VpvM=
25,23,MnXJd1IiqCCyTzRFF1zeLTKDR/0=,hnejlfZ2LaIYuCukNfsP7LfpgqU=
26,23,MnXJd1IiqCCyTzRFF1zeLTKDR/0=,hnejlfZ2LaIYuCukNfsP7LfpgqU=
27,25,ko9MXgP1BfW7OwqXazRhQev2YT4=,j+4GpWSUhC2I7VAVq9C3F7SoPvA=
27,26,ko9MXgP1BfW7OwqXazRhQev2YT4=,j+4GpWSUhC2I7VAVq9C3F7SoPvA=
25,20,wgDJSexkGCBLarNQf+0WIKm698Y=,hnejlfZ2LaIYuCukNfsP7LfpgqU=
25,25,ko9MXgP1BfW7OwqXazRhQev2YT4=,j+4GpWSUhC2I7VAVq9C3F7SoPvA=
26,20,wgDJSexkGCBLarNQf+0WIKm698Y=,hnejlfZ2LaIYuCukNfsP7LfpgqU=
16,18,7S2YfNB0/E25HTMmwTpBfK/IlU0=,UVEdGWTh2+MXhKcmhwuwu9kJrEs=
16,17,7S2YfNB0/E25HTMmwTpBfK/IlU0=,UVEdGWTh2+MXhKcmhwuwu9kJrEs=
20,29,ko9MXgP1BfW7OwqXazRhQev2YT4=,d0dXc6baHOFugnH3ThxvXx0VpvM=
20,27,7S2YfNB0/E25HTMmwTpBfK/IlU0=,+idKDs57jFo3ma3wdCwVcX0qP9Q=
20,28,ko9MXgP1BfW7OwqXazRhQev2YT4=,d0dXc6baHOFugnH3ThxvXx0VpvM=
20,30,ko9MXgP1BfW7OwqXazRhQev2YT4=,d0dXc6baHOFugnH3ThxvXx0VpvM=
17,27,7S2YfNB0/E25HTMmwTpBfK/IlU0=,hVe8h7dmExQ+uSMbAD7D/dFtLNc=
18,27,7S2YfNB0/E25HTMmwTpBfK/IlU0=,hVe8h7dmExQ+uSMbAD7D/dFtLNc=
19,27,7S2YfNB0/E25HTMmwTpBfK/IlU0=,hVe8h7dmExQ+uSMbAD7D/dFtLNc=
16,25,7S2YfNB0/E25HTMmwTpBfK/IlU0=,hVe8h7dmExQ+uSMbAD7D/dFtLNc=
16,26,7S2YfNB0/E25HTMmwTpBfK/IlU0=,hVe8h7dmExQ+uSMbAD7D/dFtLNc=
21,31,ko9MXgP1BfW7OwqXazRhQev2YT4=,d0dXc6baHOFugnH3ThxvXx0VpvM=
27,27,ko9MXgP1BfW7OwqXazRhQev2YT4=,j+4GpWSUhC2I7VAVq9C3F7SoPvA=
23,31,ko9MXgP1BfW7OwqXazRhQev2YT4=,d0dXc6baHOFugnH3ThxvXx0VpvM=
27,21,wgDJSexkGCBLarNQf+0WIKm698Y=,hnejlfZ2LaIYuCukNfsP7LfpgqU=
27,22,wgDJSexkGCBLarNQf+0WIKm698Y=,hnejlfZ2LaIYuCukNfsP7LfpgqU=
27,24,ko9MXgP1BfW7OwqXazRhQev2YT4=,j+4GpWSUhC2I7VAVq9C3F7SoPvA=
27,23,MnXJd1IiqCCyTzRFF1zeLTKDR/0=,hnejlfZ2LaIYuCukNfsP7LfpgqU=
17,16,7S2YfNB0/E25HTMmwTpBfK/IlU0=,UVEdGWTh2+MXhKcmhwuwu9kJrEs=
18,16,7S2YfNB0/E25HTMmwTpBfK/IlU0=,UVEdGWTh2+MXhKcmhwuwu9kJrEs=
20,31,ko9MXgP1BfW7OwqXazRhQev2YT4=,d0dXc6baHOFugnH3ThxvXx0VpvM=
22,31,ko9MXgP1BfW7OwqXazRhQev2YT4=,d0dXc6baHOFugnH3ThxvXx0VpvM=
16,16,7S2YfNB0/E25HTMmwTpBfK/IlU0=,UVEdGWTh2+MXhKcmhwuwu9kJrEs=
19,16,7S2YfNB0/E25HTMmwTpBfK/IlU0=,UVEdGWTh2+MXhKcmhwuwu9kJrEs=
27,20,MnXJd1IiqCCyTzRFF1zeLTKDR/0=,hnejlfZ2LaIYuCukNfsP7LfpgqU=
16,27,7S2YfNB0/E25HTMmwTpBfK/IlU0=,hVe8h7dmExQ+uSMbAD7D/dFtLNc=
24,25,ko9MXgP1BfW7OwqXazRhQev2YT4=,j+4GpWSUhC2I7VAVq9C3F7SoPvA=
23,20,7S2YfNB0/E25HTMmwTpBfK/IlU0=,960Fi6ow8PmyN8Dz2hgDB/81g1E=
22,20,7S2YfNB0/E25HTMmwTpBfK/IlU0=,960Fi6ow8PmyN8Dz2hgDB/81g1E=
23,22,7S2YfNB0/E25HTMmwTpBfK/IlU0=,960Fi6ow8PmyN8Dz2hgDB/81g1E=
21,20,7S2YfNB0/E25HTMmwTpBfK/IlU0=,960Fi6ow8PmyN8Dz2hgDB/81g1E=
22,22,7S2YfNB0/E25HTMmwTpBfK/IlU0=,960Fi6ow8PmyN8Dz2hgDB/81g1E=
21,22,7S2YfNB0/E25HTMmwTpBfK/IlU0=,960Fi6ow8PmyN8Dz2hgDB/81g1E=
24,23,MnXJd1IiqCCyTzRFF1zeLTKDR/0=,hnejlfZ2LaIYuCukNfsP7LfpgqU=
21,21,7S2YfNB0/E25HTMmwTpBfK/IlU0=,960Fi6ow8PmyN8Dz2hgDB/81g1E=
23,21,7S2YfNB0/E25HTMmwTpBfK/IlU0=,960Fi6ow8PmyN8Dz2hgDB/81g1E=
22,21,7S2YfNB0/E25HTMmwTpBfK/IlU0=,960Fi6ow8PmyN8Dz2hgDB/81g1E=
24,22,MnXJd1IiqCCyTzRFF1zeLTKDR/0=,hnejlfZ2LaIYuCukNfsP7LfpgqU=
22,24,7S2YfNB0/E25HTMmwTpBfK/IlU0=,+idKDs57jFo3ma3wdCwVcX0qP9Q=
21,23,7S2YfNB0/E25HTMmwTpBfK/IlU0=,960Fi6ow8PmyN8Dz2hgDB/81g1E=
24,20,MnXJd1IiqCCyTzRFF1zeLTKDR/0=,hnejlfZ2LaIYuCukNfsP7LfpgqU=
23,24,7S2YfNB0/E25HTMmwTpBfK/IlU0=,+idKDs57jFo3ma3wdCwVcX0qP9Q=
24,21,MnXJd1IiqCCyTzRFF1zeLTKDR/0=,hnejlfZ2LaIYuCukNfsP7LfpgqU=
21,24,7S2YfNB0/E25HTMmwTpBfK/IlU0=,+idKDs57jFo3ma3wdCwVcX0qP9Q=
24,24,ko9MXgP1BfW7OwqXazRhQev2YT4=,j+4GpWSUhC2I7VAVq9C3F7SoPvA=
22,23,7S2YfNB0/E25HTMmwTpBfK/IlU0=,960Fi6ow8PmyN8Dz2hgDB/81g1E=
23,23,7S2YfNB0/E25HTMmwTpBfK/IlU0=,960Fi6ow8PmyN8Dz2hgDB/81g1E=
19,19,7S2YfNB0/E25HTMmwTpBfK/IlU0=,UVEdGWTh2+MXhKcmhwuwu9kJrEs=
19,20,7S2YfNB0/E25HTMmwTpBfK/IlU0=,JO777ya03kBkdFFDgBayXp4wDbo=
18,19,7S2YfNB0/E25HTMmwTpBfK/IlU0=,UVEdGWTh2+MXhKcmhwuwu9kJrEs=
17,19,7S2YfNB0/E25HTMmwTpBfK/IlU0=,UVEdGWTh2+MXhKcmhwuwu9kJrEs=
17,24,7S2YfNB0/E25HTMmwTpBfK/IlU0=,hVe8h7dmExQ+uSMbAD7D/dFtLNc=
16,24,7S2YfNB0/E25HTMmwTpBfK/IlU0=,hVe8h7dmExQ+uSMbAD7D/dFtLNc=
18,24,7S2YfNB0/E25HTMmwTpBfK/IlU0=,hVe8h7dmExQ+uSMbAD7D/dFtLNc=
20,20,7S2YfNB0/E25HTMmwTpBfK/IlU0=,960Fi6ow8PmyN8Dz2hgDB/81g1E=
19,24,7S2YfNB0/E25HTMmwTpBfK/IlU0=,hVe8h7dmExQ+uSMbAD7D/dFtLNc=
20,22,7S2YfNB0/E25HTMmwTpBfK/IlU0=,960Fi6ow8PmyN8Dz2hgDB/81g1E=
19,23,7S2YfNB0/E25HTMmwTpBfK/IlU0=,JO777ya03kBkdFFDgBayXp4wDbo=
19,21,7S2YfNB0/E25HTMmwTpBfK/IlU0=,JO777ya03kBkdFFDgBayXp4wDbo=
18,21,7S2YfNB0/E25HTMmwTpBfK/IlU0=,JO777ya03kBkdFFDgBayXp4wDbo=
19,22,7S2YfNB0/E25HTMmwTpBfK/IlU0=,JO777ya03kBkdFFDgBayXp4wDbo=
18,20,7S2YfNB0/E25HTMmwTpBfK/IlU0=,JO777ya03kBkdFFDgBayXp4wDbo=
16,19,7S2YfNB0/E25HTMmwTpBfK/IlU0=,UVEdGWTh2+MXhKcmhwuwu9kJrEs=
20,21,7S2YfNB0/E25HTMmwTpBfK/IlU0=,960Fi6ow8PmyN8Dz2hgDB/81g1E=
16,22,7S2YfNB0/E25HTMmwTpBfK/IlU0=,JO777ya03kBkdFFDgBayXp4wDbo=
17,23,7S2YfNB0/E25HTMmwTpBfK/IlU0=,JO777ya03kBkdFFDgBayXp4wDbo=
20,24,7S2YfNB0/E25HTMmwTpBfK/IlU0=,+idKDs57jFo3ma3wdCwVcX0qP9Q=
17,21,7S2YfNB0/E25HTMmwTpBfK/IlU0=,JO777ya03kBkdFFDgBayXp4wDbo=
16,23,7S2YfNB0/E25HTMmwTpBfK/IlU0=,JO777ya03kBkdFFDgBayXp4wDbo=
18,23,7S2YfNB0/E25HTMmwTpBfK/IlU0=,JO777ya03kBkdFFDgBayXp4wDbo=
18,22,7S2YfNB0/E25HTMmwTpBfK/IlU0=,JO777ya03kBkdFFDgBayXp4wDbo=
16,21,7S2YfNB0/E25HTMmwTpBfK/IlU0=,JO777ya03kBkdFFDgBayXp4wDbo=
17,22,7S2YfNB0/E25HTMmwTpBfK/IlU0=,JO777ya03kBkdFFDgBayXp4wDbo=
17,20,7S2YfNB0/E25HTMmwTpBfK/IlU0=,JO777ya03kBkdFFDgBayXp4wDbo=
20,23,7S2YfNB0/E25HTMmwTpBfK/IlU0=,960Fi6ow8PmyN8Dz2hgDB/81g1E=
16,20,7S2YfNB0/E25HTMmwTpBfK/IlU0=,JO777ya03kBkdFFDgBayXp4wDbo=
26,2,01yx8BBIZ0XjA3dlvoF7otViQ8Y=,DbVw5MipUeoqqMjARXYa9sLM1Jg=
25,2,01yx8BBIZ0XjA3dlvoF7otViQ8Y=,DbVw5MipUeoqqMjARXYa9sLM1Jg=
26,1,01yx8BBIZ0XjA3dlvoF7otViQ8Y=,DbVw5MipUeoqqMjARXYa9sLM1Jg=
25,1,01yx8BBIZ0XjA3dlvoF7otViQ8Y=,DbVw5MipUeoqqMjARXYa9sLM1Jg=
26,0,01yx8BBIZ0XjA3dlvoF7otViQ8Y=,DbVw5MipUeoqqMjARXYa9sLM1Jg=
25,3,01yx8BBIZ0XjA3dlvoF7otViQ8Y=,DbVw5MipUeoqqMjARXYa9sLM1Jg=
26,3,01yx8BBIZ0XjA3dlvoF7otViQ8Y=,DbVw5MipUeoqqMjARXYa9sLM1Jg=
21,14,tgbVZ0gCCBAOV2XP08kJzF/PbK0=,QrqqpgAwk2dAFKbr/crHInxNSuA=
22,14,tgbVZ0gCCBAOV2XP08kJzF/PbK0=,QrqqpgAwk2dAFKbr/crHInxNSuA=
22,12,tgbVZ0gCCBAOV2XP08kJzF/PbK0=,QrqqpgAwk2dAFKbr/crHInxNSuA=
21,12,tgbVZ0gCCBAOV2XP08kJzF/PbK0=,QrqqpgAwk2dAFKbr/crHInxNSuA=
25,0,01yx8BBIZ0XjA3dlvoF7otViQ8Y=,DbVw5MipUeoqqMjARXYa9sLM1Jg=
21,13,tgbVZ0gCCBAOV2XP08kJzF/PbK0=,QrqqpgAwk2dAFKbr/crHInxNSuA=
22,13,tgbVZ0gCCBAOV2XP08kJzF/PbK0=,QrqqpgAwk2dAFKbr/crHInxNSuA=
23,13,tgbVZ0gCCBAOV2XP08kJzF/PbK0=,QrqqpgAwk2dAFKbr/crHInxNSuA=
25,14,tgbVZ0gCCBAOV2XP08kJzF/PbK0=,aOSKgDDJCfWl+/AkJoiM7vy+WTA=
26,14,tgbVZ0gCCBAOV2XP08kJzF/PbK0=,aOSKgDDJCfWl+/AkJoiM7vy+WTA=
23,14,tgbVZ0gCCBAOV2XP08kJzF/PbK0=,QrqqpgAwk2dAFKbr/crHInxNSuA=
26,13,tgbVZ0gCCBAOV2XP08kJzF/PbK0=,aOSKgDDJCfWl+/AkJoiM7vy+WTA=
24,14,tgbVZ0gCCBAOV2XP08kJzF/PbK0=,aOSKgDDJCfWl+/AkJoiM7vy+WTA=
24,13,tgbVZ0gCCBAOV2XP08kJzF/PbK0=,aOSKgDDJCfWl+/AkJoiM7vy+WTA=
26,12,tgbVZ0gCCBAOV2XP08kJzF/PbK0=,aOSKgDDJCfWl+/AkJoiM7vy+WTA=
23,12,tgbVZ0gCCBAOV2XP08kJzF/PbK0=,QrqqpgAwk2dAFKbr/crHInxNSuA=
24,12,tgbVZ0gCCBAOV2XP08kJzF/PbK0=,aOSKgDDJCfWl+/AkJoiM7vy+WTA=
25,12,tgbVZ0gCCBAOV2XP08kJzF/PbK0=,aOSKgDDJCfWl+/AkJoiM7vy+WTA=
20,12,tgbVZ0gCCBAOV2XP08kJzF/PbK0=,QrqqpgAwk2dAFKbr/crHInxNSuA=
20,13,tgbVZ0gCCBAOV2XP08kJzF/PbK0=,QrqqpgAwk2dAFKbr/crHInxNSuA=
20,14,tgbVZ0gCCBAOV2XP08kJzF/PbK0=,QrqqpgAwk2dAFKbr/crHInxNSuA=
21,15,tgbVZ0gCCBAOV2XP08kJzF/PbK0=,QrqqpgAwk2dAFKbr/crHInxNSuA=
22,15,tgbVZ0gCCBAOV2XP08kJzF/PbK0=,QrqqpgAwk2dAFKbr/crHInxNSuA=
27,1,01yx8BBIZ0XjA3dlvoF7otViQ8Y=,DbVw5MipUeoqqMjARXYa9sLM1Jg=
27,3,01yx8BBIZ0XjA3dlvoF7otViQ8Y=,DbVw5MipUeoqqMjARXYa9sLM1Jg=
27,14,tgbVZ0gCCBAOV2XP08kJzF/PbK0=,aOSKgDDJCfWl+/AkJoiM7vy+WTA=
23,15,tgbVZ0gCCBAOV2XP08kJzF/PbK0=,QrqqpgAwk2dAFKbr/crHInxNSuA=
27,13,tgbVZ0gCCBAOV2XP08kJzF/PbK0=,aOSKgDDJCfWl+/AkJoiM7vy+WTA=
24,15,tgbVZ0gCCBAOV2XP08kJzF/PbK0=,aOSKgDDJCfWl+/AkJoiM7vy+WTA=
25,15,tgbVZ0gCCBAOV2XP08kJzF/PbK0=,aOSKgDDJCfWl+/AkJoiM7vy+WTA=
26,15,tgbVZ0gCCBAOV2XP08kJzF/PbK0=,aOSKgDDJCfWl+/AkJoiM7vy+WTA=
25,13,tgbVZ0gCCBAOV2XP08kJzF/PbK0=,aOSKgDDJCfWl+/AkJoiM7vy+WTA=
27,2,01yx8BBIZ0XjA3dlvoF7otViQ8Y=,DbVw5MipUeoqqMjARXYa9sLM1Jg=
27,15,tgbVZ0gCCBAOV2XP08kJzF/PbK0=,aOSKgDDJCfWl+/AkJoiM7vy+WTA=
20,15,tgbVZ0gCCBAOV2XP08kJzF/PbK0=,QrqqpgAwk2dAFKbr/crHInxNSuA=
27,12,tgbVZ0gCCBAOV2XP08kJzF/PbK0=,aOSKgDDJCfWl+/AkJoiM7vy+WTA=
27,0,01yx8BBIZ0XjA3dlvoF7otViQ8Y=,DbVw5MipUeoqqMjARXYa9sLM1Jg=
24,1,01yx8BBIZ0XjA3dlvoF7otViQ8Y=,DbVw5MipUeoqqMjARXYa9sLM1Jg=
23,3,l/VHi1tB5tQTrQsUYLc6wZykp9Y=,nRr4WVmnBU/oJLkM6MlScvKilqs=
22,3,l/VHi1tB5tQTrQsUYLc6wZykp9Y=,nRr4WVmnBU/oJLkM6MlScvKilqs=
21,3,l/VHi1tB5tQTrQsUYLc6wZykp9Y=,nRr4WVmnBU/oJLkM6MlScvKilqs=
24,0,01yx8BBIZ0XjA3dlvoF7otViQ8Y=,DbVw5MipUeoqqMjARXYa9sLM1Jg=
21,0,l/VHi1tB5tQTrQsUYLc6wZykp9Y=,nRr4WVmnBU/oJLkM6MlScvKilqs=
24,2,01yx8BBIZ0XjA3dlvoF7otViQ8Y=,DbVw5MipUeoqqMjARXYa9sLM1Jg=
23,1,l/VHi1tB5tQTrQsUYLc6wZykp9Y=,nRr4WVmnBU/oJLkM6MlScvKilqs=
21,1,l/VHi1tB5tQTrQsUYLc6wZykp9Y=,nRr4WVmnBU/oJLkM6MlScvKilqs=
22,0,l/VHi1tB5tQTrQsUYLc6wZykp9Y=,nRr4WVmnBU/oJLkM6MlScvKilqs=
24,3,01yx8BBIZ0XjA3dlvoF7otViQ8Y=,DbVw5MipUeoqqMjARXYa9sLM1Jg=
23,2,l/VHi1tB5tQTrQsUYLc6wZykp9Y=,nRr4WVmnBU/oJLkM6MlScvKilqs=
23,0,l/VHi1tB5tQTrQsUYLc6wZykp9Y=,nRr4WVmnBU/oJLkM6MlScvKilqs=
22,2,l/VHi1tB5tQTrQsUYLc6wZykp9Y=,nRr4WVmnBU/oJLkM6MlScvKilqs=
22,1,l/VHi1tB5tQTrQsUYLc6wZykp9Y=,nRr4WVmnBU/oJLkM6MlScvKilqs=
17,7,tgbVZ0gCCBAOV2XP08kJzF/PbK0=,s2qXjvXegCyQq1dOdkSAqmYsAH8=
17,5,v++3pBOY7G6r17WfLuomB+sq/zA=,s2qXjvXegCyQq1dOdkSAqmYsAH8=
19,6,tgbVZ0gCCBAOV2XP08kJzF/PbK0=,s2qXjvXegCyQq1dOdkSAqmYsAH8=
16,5,tgbVZ0gCCBAOV2XP08kJzF/PbK0=,s2qXjvXegCyQq1dOdkSAqmYsAH8=
16,7,tgbVZ0gCCBAOV2XP08kJzF/PbK0=,s2qXjvXegCyQq1dOdkSAqmYsAH8=
19,7,tgbVZ0gCCBAOV2XP08kJzF/PbK0=,s2qXjvXegCyQq1dOdkSAqmYsAH8=
18,7,tgbVZ0gCCBAOV2XP08kJzF/PbK0=,s2qXjvXegCyQq1dOdkSAqmYsAH8=
21,2,l/VHi1tB5tQTrQsUYLc6wZykp9Y=,nRr4WVmnBU/oJLkM6MlScvKilqs=
16,6,tgbVZ0gCCBAOV2XP08kJzF/PbK0=,s2qXjvXegCyQq1dOdkSAqmYsAH8=
19,5,O0Z8eKtQ4GS8raRE/9iVYHP0SX4=,s2qXjvXegCyQq1dOdkSAqmYsAH8=
18,5,tgbVZ0gCCBAOV2XP08kJzF/PbK0=,s2qXjvXegCyQq1dOdkSAqmYsAH8=
18,6,O0Z8eKtQ4GS8raRE/9iVYHP0SX4=,s2qXjvXegCyQq1dOdkSAqmYsAH8=
19,1,l/VHi1tB5tQTrQsUYLc6wZykp9Y=,U9JeFz5Ov3sLmnbw6mndVL9htq0=
19,4,tgbVZ0gCCBAOV2XP08kJzF/PbK0=,s2qXjvXegCyQq1dOdkSAqmYsAH8=
20,0,l/VHi1tB5tQTrQsUYLc6wZykp9Y=,nRr4WVmnBU/oJLkM6MlScvKilqs=
17,6,O0Z8eKtQ4GS8raRE/9iVYHP0SX4=,s2qXjvXegCyQq1dOdkSAqmYsAH8=
20,2,l/VHi1tB5tQTrQsUYLc6wZykp9Y=,nRr4WVmnBU/oJLkM6MlScvKilqs=
16,0,l/VHi1tB5tQTrQsUYLc6wZykp9Y=,U9JeFz5Ov3sLmnbw6mndVL9htq0=
19,2,l/VHi1tB5tQTrQsUYLc6wZykp9Y=,U9JeFz5Ov3sLmnbw6mndVL9htq0=
20,1,l/VHi1tB5tQTrQsUYLc6wZykp9Y=,nRr4WVmnBU/oJLkM6MlScvKilqs=
18,0,l/VHi1tB5tQTrQsUYLc6wZykp9Y=,U9JeFz5Ov3sLmnbw6mndVL9htq0=
18,1,l/VHi1tB5tQTrQsUYLc6wZykp9Y=,U9JeFz5Ov3sLmnbw6mndVL9htq0=
20,3,l/VHi1tB5tQTrQsUYLc6wZykp9Y=,nRr4WVmnBU/oJLkM6MlScvKilqs=
19,3,l/VHi1tB5tQTrQsUYLc6wZykp9Y=,U9JeFz5Ov3sLmnbw6mndVL9htq0=
17,3,l/VHi1tB5tQTrQsUYLc6wZykp9Y=,U9JeFz5Ov3sLmnbw6mndVL9htq0=
17,2,l/VHi1tB5tQTrQsUYLc6wZykp9Y=,U9JeFz5Ov3sLmnbw6mndVL9htq0=
16,3,l/VHi1tB5tQTrQsUYLc6wZykp9Y=,U9JeFz5Ov3sLmnbw6mndVL9htq0=
17,4,tgbVZ0gCCBAOV2XP08kJzF/PbK0=,s2qXjvXegCyQq1dOdkSAqmYsAH8=
19,0,l/VHi1tB5tQTrQsUYLc6wZykp9Y=,U9JeFz5Ov3sLmnbw6mndVL9htq0=
17,1,l/VHi1tB5tQTrQsUYLc6wZykp9Y=,U9JeFz5Ov3sLmnbw6mndVL9htq0=
18,4,tgbVZ0gCCBAOV2XP08kJzF/PbK0=,s2qXjvXegCyQq1dOdkSAqmYsAH8=
18,2,l/VHi1tB5tQTrQsUYLc6wZykp9Y=,U9JeFz5Ov3sLmnbw6mndVL9htq0=
16,4,tgbVZ0gCCBAOV2XP08kJzF/PbK0=,s2qXjvXegCyQq1dOdkSAqmYsAH8=
18,3,l/VHi1tB5tQTrQsUYLc6wZykp9Y=,U9JeFz5Ov3sLmnbw6mndVL9htq0=
17,0,l/VHi1tB5tQTrQsUYLc6wZykp9Y=,U9JeFz5Ov3sLmnbw6mndVL9htq0=
16,1,l/VHi1tB5tQTrQsUYLc6wZykp9Y=,U9JeFz5Ov3sLmnbw6mndVL9htq0=
16,2,l/VHi1tB5tQTrQsUYLc6wZykp9Y=,U9JeFz5Ov3sLmnbw6mndVL9htq0=
14,14,UQue8LEi30jb4pWRoZBQkJeDLh8=,NzpvJB+5oODt83IeOAMp+0FnreI=
13,13,UQue8LEi30jb4pWRoZBQkJeDLh8=,NzpvJB+5oODt83IeOAMp+0FnreI=
14,13,UQue8LEi30jb4pWRoZBQkJeDLh8=,NzpvJB+5oODt83IeOAMp+0FnreI=
13,14,UQue8LEi30jb4pWRoZBQkJeDLh8=,NzpvJB+5oODt83IeOAMp+0FnreI=
11,14,UQue8LEi30jb4pWRoZBQkJeDLh8=,T2RdtlCr5WSJZeTMIPE5hiSfuFM=
10,14,UQue8LEi30jb4pWRoZBQkJeDLh8=,T2RdtlCr5WSJZeTMIPE5hiSfuFM=
9,14,UQue8LEi30jb4pWRoZBQkJeDLh8=,T2RdtlCr5WSJZeTMIPE5hiSfuFM=
9,13,UQue8LEi30jb4pWRoZBQkJeDLh8=,T2RdtlCr5WSJZeTMIPE5hiSfuFM=
12,13,UQue8LEi30jb4pWRoZBQkJeDLh8=,NzpvJB+5oODt83IeOAMp+0FnreI=
10,13,UQue8LEi30jb4pWRoZBQkJeDLh8=,T2RdtlCr5WSJZeTMIPE5hiSfuFM=
12,14,UQue8LEi30jb4pWRoZBQkJeDLh8=,NzpvJB+5oODt83IeOAMp+0FnreI=
11,13,UQue8LEi30jb4pWRoZBQkJeDLh8=,T2RdtlCr5WSJZeTMIPE5hiSfuFM=
9,12,UQue8LEi30jb4pWRoZBQkJeDLh8=,T2RdtlCr5WSJZeTMIPE5hiSfuFM=
10,12,UQue8LEi30jb4pWRoZBQkJeDLh8=,T2RdtlCr5WSJZeTMIPE5hiSfuFM=
8,13,UQue8LEi30jb4pWRoZBQkJeDLh8=,T2RdtlCr5WSJZeTMIPE5hiSfuFM=
8,14,UQue8LEi30jb4pWRoZBQkJeDLh8=,T2RdtlCr5WSJZeTMIPE5hiSfuFM=
8,12,UQue8LEi30jb4pWRoZBQkJeDLh8=,T2RdtlCr5WSJZeTMIPE5hiSfuFM=
12,12,UQue8LEi30jb4pWRoZBQkJeDLh8=,NzpvJB+5oODt83IeOAMp+0FnreI=
13,12,UQue8LEi30jb4pWRoZBQkJeDLh8=,NzpvJB+5oODt83IeOAMp+0FnreI=
14,12,UQue8LEi30jb4pWRoZBQkJeDLh8=,NzpvJB+5oODt83IeOAMp+0FnreI=
11,12,UQue8LEi30jb4pWRoZBQkJeDLh8=,T2RdtlCr5WSJZeTMIPE5hiSfuFM=
9,15,UQue8LEi30jb4pWRoZBQkJeDLh8=,T2RdtlCr5WSJZeTMIPE5hiSfuFM=
10,15,UQue8LEi30jb4pWRoZBQkJeDLh8=,T2RdtlCr5WSJZeTMIPE5hiSfuFM=
8,15,UQue8LEi30jb4pWRoZBQkJeDLh8=,T2RdtlCr5WSJZeTMIPE5hiSfuFM=
15,14,UQue8LEi30jb4pWRoZBQkJeDLh8=,NzpvJB+5oODt83IeOAMp+0FnreI=
15,13,UQue8LEi30jb4pWRoZBQkJeDLh8=,NzpvJB+5oODt83IeOAMp+0FnreI=
15,12,UQue8LEi30jb4pWRoZBQkJeDLh8=,NzpvJB+5oODt83IeOAMp+0FnreI=
11,15,UQue8LEi30jb4pWRoZBQkJeDLh8=,T2RdtlCr5WSJZeTMIPE5hiSfuFM=
15,15,UQue8LEi30jb4pWRoZBQkJeDLh8=,NzpvJB+5oODt83IeOAMp+0FnreI=
12,15,UQue8LEi30jb4pWRoZBQkJeDLh8=,NzpvJB+5oODt83IeOAMp+0FnreI=
14,15,UQue8LEi30jb4pWRoZBQkJeDLh8=,NzpvJB+5oODt83IeOAMp+0FnreI=
13,15,UQue8LEi30jb4pWRoZBQkJeDLh8=,NzpvJB+5oODt83IeOAMp+0FnreI=
26,29,ko9MXgP1BfW7OwqXazRhQev2YT4=,Mh2afqTbRwmsT0qBA6/PBoz+Q8k=
26,30,ko9MXgP1BfW7OwqXazRhQev2YT4=,Mh2afqTbRwmsT0qBA6/PBoz+Q8k=
25,29,ko9MXgP1BfW7OwqXazRhQev2YT4=,Mh2afqTbRwmsT0qBA6/PBoz+Q8k=
26,28,ko9MXgP1BfW7OwqXazRhQev2YT4=,Mh2afqTbRwmsT0qBA6/PBoz+Q8k=
24,29,ko9MXgP1BfW7OwqXazRhQev2YT4=,Mh2afqTbRwmsT0qBA6/PBoz+Q8k=
25,28,ko9MXgP1BfW7OwqXazRhQev2YT4=,Mh2afqTbRwmsT0qBA6/PBoz+Q8k=
25,30,ko9MXgP1BfW7OwqXazRhQev2YT4=,Mh2afqTbRwmsT0qBA6/PBoz+Q8k=
24,30,ko9MXgP1BfW7OwqXazRhQev2YT4=,Mh2afqTbRwmsT0qBA6/PBoz+Q8k=
24,28,ko9MXgP1BfW7OwqXazRhQev2YT4=,Mh2afqTbRwmsT0qBA6/PBoz+Q8k=
29,29,ko9MXgP1BfW7OwqXazRhQev2YT4=,Vvu7qvE6klD+85Oij/836L988SA=
30,29,ko9MXgP1BfW7OwqXazRhQev2YT4=,Vvu7qvE6klD+85Oij/836L988SA=
28,30,ko9MXgP1BfW7OwqXazRhQev2YT4=,Vvu7qvE6klD+85Oij/836L988SA=
28,29,ko9MXgP1BfW7OwqXazRhQev2YT4=,Vvu7qvE6klD+85Oij/836L988SA=
29,30,ko9MXgP1BfW7OwqXazRhQev2YT4=,Vvu7qvE6klD+85Oij/836L988SA=
27,30,ko9MXgP1BfW7OwqXazRhQev2YT4=,Mh2afqTbRwmsT0qBA6/PBoz+Q8k=
27,29,ko9MXgP1BfW7OwqXazRhQev2YT4=,Mh2afqTbRwmsT0qBA6/PBoz+Q8k=
30,30,ko9MXgP1BfW7OwqXazRhQev2YT4=,Vvu7qvE6klD+85Oij/836L988SA=
27,28,ko9MXgP1BfW7OwqXazRhQev2YT4=,Mh2afqTbRwmsT0qBA6/PBoz+Q8k=
28,28,ko9MXgP1BfW7OwqXazRhQev2YT4=,Vvu7qvE6klD+85Oij/836L988SA=
29,28,ko9MXgP1BfW7OwqXazRhQev2YT4=,Vvu7qvE6klD+85Oij/836L988SA=
30,28,ko9MXgP1BfW7OwqXazRhQev2YT4=,Vvu7qvE6klD+85Oij/836L988SA=
31,29,ko9MXgP1BfW7OwqXazRhQev2YT4=,Vvu7qvE6klD+85Oij/836L988SA=
31,30,ko9MXgP1BfW7OwqXazRhQev2YT4=,Vvu7qvE6klD+85Oij/836L988SA=
31,28,ko9MXgP1BfW7OwqXazRhQev2YT4=,Vvu7qvE6klD+85Oij/836L988SA=
30,31,ko9MXgP1BfW7OwqXazRhQev2YT4=,Vvu7qvE6klD+85Oij/836L988SA=
29,31,ko9MXgP1BfW7OwqXazRhQev2YT4=,Vvu7qvE6klD+85Oij/836L988SA=
31,31,ko9MXgP1BfW7OwqXazRhQev2YT4=,Vvu7qvE6klD+85Oij/836L988SA=
24,31,ko9MXgP1BfW7OwqXazRhQev2YT4=,Mh2afqTbRwmsT0qBA6/PBoz+Q8k=
28,31,ko9MXgP1BfW7OwqXazRhQev2YT4=,Vvu7qvE6klD+85Oij/836L988SA=
27,31,ko9MXgP1BfW7OwqXazRhQev2YT4=,Mh2afqTbRwmsT0qBA6/PBoz+Q8k=
26,31,ko9MXgP1BfW7OwqXazRhQev2YT4=,Mh2afqTbRwmsT0qBA6/PBoz+Q8k=
25,31,ko9MXgP1BfW7OwqXazRhQev2YT4=,Mh2afqTbRwmsT0qBA6/PBoz+Q8k=
13,11,Ndc7ecDdYiEXFq54vikjb1Lt2Ps=,P7bge16+Pi1fDw2RrRDJi5SjRio=
14,11,Ndc7ecDdYiEXFq54vikjb1Lt2Ps=,P7bge16+Pi1fDw2RrRDJi5SjRio=
12,11,Ndc7ecDdYiEXFq54vikjb1Lt2Ps=,P7bge16+Pi1fDw2RrRDJi5SjRio=
15,10,Ndc7ecDdYiEXFq54vikjb1Lt2Ps=,P7bge16+Pi1fDw2RrRDJi5SjRio=
14,10,Ndc7ecDdYiEXFq54vikjb1Lt2Ps=,P7bge16+Pi1fDw2RrRDJi5SjRio=
13,8,Ndc7ecDdYiEXFq54vikjb1Lt2Ps=,P7bge16+Pi1fDw2RrRDJi5SjRio=
12,9,Ndc7ecDdYiEXFq54vikjb1Lt2Ps=,P7bge16+Pi1fDw2RrRDJi5SjRio=
15,9,Ndc7ecDdYiEXFq54vikjb1Lt2Ps=,P7bge16+Pi1fDw2RrRDJi5SjRio=
13,10,Ndc7ecDdYiEXFq54vikjb1Lt2Ps=,P7bge16+Pi1fDw2RrRDJi5SjRio=
14,9,Ndc7ecDdYiEXFq54vikjb1Lt2Ps=,P7bge16+Pi1fDw2RrRDJi5SjRio=
13,9,Ndc7ecDdYiEXFq54vikjb1Lt2Ps=,P7bge16+Pi1fDw2RrRDJi5SjRio=
14,8,Ndc7ecDdYiEXFq54vikjb1Lt2Ps=,P7bge16+Pi1fDw2RrRDJi5SjRio=
12,10,Ndc7ecDdYiEXFq54vikjb1Lt2Ps=,P7bge16+Pi1fDw2RrRDJi5SjRio=
15,8,Ndc7ecDdYiEXFq54vikjb1Lt2Ps=,P7bge16+Pi1fDw2RrRDJi5SjRio=
15,11,Ndc7ecDdYiEXFq54vikjb1Lt2Ps=,P7bge16+Pi1fDw2RrRDJi5SjRio=
12,8,Ndc7ecDdYiEXFq54vikjb1Lt2Ps=,P7bge16+Pi1fDw2RrRDJi5SjRio=
9,30,Z4stSnw7WbQfe9FQRow21qAk7bw=,OJlFUcaoU558KeEbhxl45TITjuY=
10,29,Z4stSnw7WbQfe9FQRow21qAk7bw=,OJlFUcaoU558KeEbhxl45TITjuY=
9,28,Z4stSnw7WbQfe9FQRow21qAk7bw=,OJlFUcaoU558KeEbhxl45TITjuY=
10,30,Z4stSnw7WbQfe9FQRow21qAk7bw=,OJlFUcaoU558KeEbhxl45TITjuY=
9,29,Z4stSnw7WbQfe9FQRow21qAk7bw=,OJlFUcaoU558KeEbhxl45TITjuY=
10,28,Z4stSnw7WbQfe9FQRow21qAk7bw=,OJlFUcaoU558KeEbhxl45TITjuY=
9,31,Z4stSnw7WbQfe9FQRow21qAk7bw=,OJlFUcaoU558KeEbhxl45TITjuY=
10,31,Z4stSnw7WbQfe9FQRow21qAk7bw=,OJlFUcaoU558KeEbhxl45TITjuY=
11,29,Z4stSnw7WbQfe9FQRow21qAk7bw=,OJlFUcaoU558KeEbhxl45TITjuY=
11,30,Z4stSnw7WbQfe9FQRow21qAk7bw=,OJlFUcaoU558KeEbhxl45TITjuY=
11,28,Z4stSnw7WbQfe9FQRow21qAk7bw=,OJlFUcaoU558KeEbhxl45TITjuY=
11,31,Z4stSnw7WbQfe9FQRow21qAk7bw=,OJlFUcaoU558KeEbhxl45TITjuY=
8,31,Z4stSnw7WbQfe9FQRow21qAk7bw=,OJlFUcaoU558KeEbhxl45TITjuY=
8,30,Z4stSnw7WbQfe9FQRow21qAk7bw=,OJlFUcaoU558KeEbhxl45TITjuY=
8,29,Z4stSnw7WbQfe9FQRow21qAk7bw=,OJlFUcaoU558KeEbhxl45TITjuY=
8,28,Z4stSnw7WbQfe9FQRow21qAk7bw=,OJlFUcaoU558KeEbhxl45TITjuY=
25,17,4e43Q7m4EVq2qGbCvsokUy18kGk=,Hujzb1uKODYRHVUVkEnQdBE9AZY=
26,18,4e43Q7m4EVq2qGbCvsokUy18kGk=,Hujzb1uKODYRHVUVkEnQdBE9AZY=
25,18,4e43Q7m4EVq2qGbCvsokUy18kGk=,Hujzb1uKODYRHVUVkEnQdBE9AZY=
26,17,4e43Q7m4EVq2qGbCvsokUy18kGk=,Hujzb1uKODYRHVUVkEnQdBE9AZY=
30,22,4e43Q7m4EVq2qGbCvsokUy18kGk=,2upMmMzEGsLGw5BjvtxjB8kioFo=
29,22,4e43Q7m4EVq2qGbCvsokUy18kGk=,2upMmMzEGsLGw5BjvtxjB8kioFo=
30,21,4e43Q7m4EVq2qGbCvsokUy18kGk=,2upMmMzEGsLGw5BjvtxjB8kioFo=
29,21,4e43Q7m4EVq2qGbCvsokUy18kGk=,2upMmMzEGsLGw5BjvtxjB8kioFo=
25,19,wgDJSexkGCBLarNQf+0WIKm698Y=,Hujzb1uKODYRHVUVkEnQdBE9AZY=
26,19,wgDJSexkGCBLarNQf+0WIKm698Y=,Hujzb1uKODYRHVUVkEnQdBE9AZY=
28,22,wgDJSexkGCBLarNQf+0WIKm698Y=,2upMmMzEGsLGw5BjvtxjB8kioFo=
28,21,wgDJSexkGCBLarNQf+0WIKm698Y=,2upMmMzEGsLGw5BjvtxjB8kioFo=
27,18,wgDJSexkGCBLarNQf+0WIKm698Y=,Hujzb1uKODYRHVUVkEnQdBE9AZY=
29,20,MnXJd1IiqCCyTzRFF1zeLTKDR/0=,2upMmMzEGsLGw5BjvtxjB8kioFo=
30,20,MnXJd1IiqCCyTzRFF1zeLTKDR/0=,2upMmMzEGsLGw5BjvtxjB8kioFo=
27,17,MnXJd1IiqCCyTzRFF1zeLTKDR/0=,Hujzb1uKODYRHVUVkEnQdBE9AZY=
28,17,MnXJd1IiqCCyTzRFF1zeLTKDR/0=,tJIe4tIkAPfbLL+loBO2t9pKjXI=
28,20,MnXJd1IiqCCyTzRFF1zeLTKDR/0=,2upMmMzEGsLGw5BjvtxjB8kioFo=
29,19,MnXJd1IiqCCyTzRFF1zeLTKDR/0=,tJIe4tIkAPfbLL+loBO2t9pKjXI=
27,19,MnXJd1IiqCCyTzRFF1zeLTKDR/0=,Hujzb1uKODYRHVUVkEnQdBE9AZY=
30,17,MnXJd1IiqCCyTzRFF1zeLTKDR/0=,tJIe4tIkAPfbLL+loBO2t9pKjXI=
24,17,MnXJd1IiqCCyTzRFF1zeLTKDR/0=,Hujzb1uKODYRHVUVkEnQdBE9AZY=
24,18,MnXJd1IiqCCyTzRFF1zeLTKDR/0=,Hujzb1uKODYRHVUVkEnQdBE9AZY=
28,19,MnXJd1IiqCCyTzRFF1zeLTKDR/0=,tJIe4tIkAPfbLL+loBO2t9pKjXI=
29,17,MnXJd1IiqCCyTzRFF1zeLTKDR/0=,tJIe4tIkAPfbLL+loBO2t9pKjXI=
28,18,MnXJd1IiqCCyTzRFF1zeLTKDR/0=,tJIe4tIkAPfbLL+loBO2t9pKjXI=
30,18,MnXJd1IiqCCyTzRFF1zeLTKDR/0=,tJIe4tIkAPfbLL+loBO2t9pKjXI=
30,19,MnXJd1IiqCCyTzRFF1zeLTKDR/0=,tJIe4tIkAPfbLL+loBO2t9pKjXI=
29,18,MnXJd1IiqCCyTzRFF1zeLTKDR/0=,tJIe4tIkAPfbLL+loBO2t9pKjXI=
29,23,MnXJd1IiqCCyTzRFF1zeLTKDR/0=,2upMmMzEGsLGw5BjvtxjB8kioFo=
30,23,MnXJd1IiqCCyTzRFF1zeLTKDR/0=,2upMmMzEGsLGw5BjvtxjB8kioFo=
28,23,MnXJd1IiqCCyTzRFF1zeLTKDR/0=,2upMmMzEGsLGw5BjvtxjB8kioFo=
29,16,MnXJd1IiqCCyTzRFF1zeLTKDR/0=,tJIe4tIkAPfbLL+loBO2t9pKjXI=
30,16,MnXJd1IiqCCyTzRFF1zeLTKDR/0=,tJIe4tIkAPfbLL+loBO2t9pKjXI=
31,18,MnXJd1IiqCCyTzRFF1zeLTKDR/0=,tJIe4tIkAPfbLL+loBO2t9pKjXI=
31,16,MnXJd1IiqCCyTzRFF1zeLTKDR/0=,tJIe4tIkAPfbLL+loBO2t9pKjXI=
28,16,MnXJd1IiqCCyTzRFF1zeLTKDR/0=,tJIe4tIkAPfbLL+loBO2t9pKjXI=
31,17,MnXJd1IiqCCyTzRFF1zeLTKDR/0=,tJIe4tIkAPfbLL+loBO2t9pKjXI=
25,16,MnXJd1IiqCCyTzRFF1zeLTKDR/0=,Hujzb1uKODYRHVUVkEnQdBE9AZY=
26,16,MnXJd1IiqCCyTzRFF1zeLTKDR/0=,Hujzb1uKODYRHVUVkEnQdBE9AZY=
27,16,MnXJd1IiqCCyTzRFF1zeLTKDR/0=,Hujzb1uKODYRHVUVkEnQdBE9AZY=
24,16,MnXJd1IiqCCyTzRFF1zeLTKDR/0=,Hujzb1uKODYRHVUVkEnQdBE9AZY=
31,23,MnXJd1IiqCCyTzRFF1zeLTKDR/0=,2upMmMzEGsLGw5BjvtxjB8kioFo=
31,22,MnXJd1IiqCCyTzRFF1zeLTKDR/0=,2upMmMzEGsLGw5BjvtxjB8kioFo=
31,20,MnXJd1IiqCCyTzRFF1zeLTKDR/0=,2upMmMzEGsLGw5BjvtxjB8kioFo=
31,21,MnXJd1IiqCCyTzRFF1zeLTKDR/0=,2upMmMzEGsLGw5BjvtxjB8kioFo=
31,19,MnXJd1IiqCCyTzRFF1zeLTKDR/0=,tJIe4tIkAPfbLL+loBO2t9pKjXI=
24,19,MnXJd1IiqCCyTzRFF1zeLTKDR/0=,Hujzb1uKODYRHVUVkEnQdBE9AZY=
28,13,MnXJd1IiqCCyTzRFF1zeLTKDR/0=,RxueH3dk8zN0DAv55+4+kA827eU=
29,13,WiZzOI4tnhnoRWqsrEXxI4t5DQ8=,RxueH3dk8zN0DAv55+4+kA827eU=
30,14,WiZzOI4tnhnoRWqsrEXxI4t5DQ8=,RxueH3dk8zN0DAv55+4+kA827eU=
30,13,WiZzOI4tnhnoRWqsrEXxI4t5DQ8=,RxueH3dk8zN0DAv55+4+kA827eU=
28,14,WiZzOI4tnhnoRWqsrEXxI4t5DQ8=,RxueH3dk8zN0DAv55+4+kA827eU=
29,14,WiZzOI4tnhnoRWqsrEXxI4t5DQ8=,RxueH3dk8zN0DAv55+4+kA827eU=
25,6,O0Z8eKtQ4GS8raRE/9iVYHP0SX4=,Y0ZbYNgDfbZVMxIwFc4xz75mvZQ=
26,6,O0Z8eKtQ4GS8raRE/9iVYHP0SX4=,Y0ZbYNgDfbZVMxIwFc4xz75mvZQ=
28,5,tgbVZ0gCCBAOV2XP08kJzF/PbK0=,5DtZqveuMN33/mnqUbG9EWpQj+s=
26,5,O0Z8eKtQ4GS8raRE/9iVYHP0SX4=,Y0ZbYNgDfbZVMxIwFc4xz75mvZQ=
25,5,O0Z8eKtQ4GS8raRE/9iVYHP0SX4=,Y0ZbYNgDfbZVMxIwFc4xz75mvZQ=
30,5,tgbVZ0gCCBAOV2XP08kJzF/PbK0=,5DtZqveuMN33/mnqUbG9EWpQj+s=
27,5,tgbVZ0gCCBAOV2XP08kJzF/PbK0=,Y0ZbYNgDfbZVMxIwFc4xz75mvZQ=
27,6,tgbVZ0gCCBAOV2XP08kJzF/PbK0=,Y0ZbYNgDfbZVMxIwFc4xz75mvZQ=
30,6,tgbVZ0gCCBAOV2XP08kJzF/PbK0=,5DtZqveuMN33/mnqUbG9EWpQj+s=
28,6,tgbVZ0gCCBAOV2XP08kJzF/PbK0=,5DtZqveuMN33/mnqUbG9EWpQj+s=
29,9,tgbVZ0gCCBAOV2XP08kJzF/PbK0=,tjZ6Fs7dH1dm1Lq8EBMmkxOWEig=
29,6,tgbVZ0gCCBAOV2XP08kJzF/PbK0=,5DtZqveuMN33/mnqUbG9EWpQj+s=
29,12,WiZzOI4tnhnoRWqsrEXxI4t5DQ8=,RxueH3dk8zN0DAv55+4+kA827eU=
29,5,tgbVZ0gCCBAOV2XP08kJzF/PbK0=,5DtZqveuMN33/mnqUbG9EWpQj+s=
29,7,tgbVZ0gCCBAOV2XP08kJzF/PbK0=,5DtZqveuMN33/mnqUbG9EWpQj+s=
30,7,tgbVZ0gCCBAOV2XP08kJzF/PbK0=,5DtZqveuMN33/mnqUbG9EWpQj+s=
30,9,tgbVZ0gCCBAOV2XP08kJzF/PbK0=,tjZ6Fs7dH1dm1Lq8EBMmkxOWEig=
30,8,tgbVZ0gCCBAOV2XP08kJzF/PbK0=,tjZ6Fs7dH1dm1Lq8EBMmkxOWEig=
29,8,tgbVZ0gCCBAOV2XP08kJzF/PbK0=,tjZ6Fs7dH1dm1Lq8EBMmkxOWEig=
30,10,tgbVZ0gCCBAOV2XP08kJzF/PbK0=,tjZ6Fs7dH1dm1Lq8EBMmkxOWEig=
24,5,O0Z8eKtQ4GS8raRE/9iVYHP0SX4=,Y0ZbYNgDfbZVMxIwFc4xz75mvZQ=
24,6,O0Z8eKtQ4GS8raRE/9iVYHP0SX4=,Y0ZbYNgDfbZVMxIwFc4xz75mvZQ=
22,8,WiZzOI4tnhnoRWqsrEXxI4t5DQ8=,LkaiwaXmpGmwk/vgIk1LdU2NeJE=
29,10,tgbVZ0gCCBAOV2XP08kJzF/PbK0=,tjZ6Fs7dH1dm1Lq8EBMmkxOWEig=
29,11,tgbVZ0gCCBAOV2XP08kJzF/PbK0=,tjZ6Fs7dH1dm1Lq8EBMmkxOWEig=
21,10,WiZzOI4tnhnoRWqsrEXxI4t5DQ8=,LkaiwaXmpGmwk/vgIk1LdU2NeJE=
21,8,WiZzOI4tnhnoRWqsrEXxI4t5DQ8=,LkaiwaXmpGmwk/vgIk1LdU2NeJE=
30,11,tgbVZ0gCCBAOV2XP08kJzF/PbK0=,tjZ6Fs7dH1dm1Lq8EBMmkxOWEig=
22,10,WiZzOI4tnhnoRWqsrEXxI4t5DQ8=,LkaiwaXmpGmwk/vgIk1LdU2NeJE=
30,12,WiZzOI4tnhnoRWqsrEXxI4t5DQ8=,RxueH3dk8zN0DAv55+4+kA827eU=
21,9,WiZzOI4tnhnoRWqsrEXxI4t5DQ8=,LkaiwaXmpGmwk/vgIk1LdU2NeJE=
21,11,WiZzOI4tnhnoRWqsrEXxI4t5DQ8=,LkaiwaXmpGmwk/vgIk1LdU2NeJE=
22,9,WiZzOI4tnhnoRWqsrEXxI4t5DQ8=,LkaiwaXmpGmwk/vgIk1LdU2NeJE=
22,11,WiZzOI4tnhnoRWqsrEXxI4t5DQ8=,LkaiwaXmpGmwk/vgIk1LdU2NeJE=
31,5,tgbVZ0gCCBAOV2XP08kJzF/PbK0=,5DtZqveuMN33/mnqUbG9EWpQj+s=
31,13,WiZzOI4tnhnoRWqsrEXxI4t5DQ8=,RxueH3dk8zN0DAv55+4+kA827eU=
31,6,tgbVZ0gCCBAOV2XP08kJzF/PbK0=,5DtZqveuMN33/mnqUbG9EWpQj+s=
31,14,WiZzOI4tnhnoRWqsrEXxI4t5DQ8=,RxueH3dk8zN0DAv55+4+kA827eU=
25,4,tgbVZ0gCCBAOV2XP08kJzF/PbK0=,Y0ZbYNgDfbZVMxIwFc4xz75mvZQ=
26,4,tgbVZ0gCCBAOV2XP08kJzF/PbK0=,Y0ZbYNgDfbZVMxIwFc4xz75mvZQ=
28,4,tgbVZ0gCCBAOV2XP08kJzF/PbK0=,5DtZqveuMN33/mnqUbG9EWpQj+s=
29,4,tgbVZ0gCCBAOV2XP08kJzF/PbK0=,5DtZqveuMN33/mnqUbG9EWpQj+s=
30,4,tgbVZ0gCCBAOV2XP08kJzF/PbK0=,5DtZqveuMN33/mnqUbG9EWpQj+s=
27,4,tgbVZ0gCCBAOV2XP08kJzF/PbK0=,Y0ZbYNgDfbZVMxIwFc4xz75mvZQ=
28,15,WiZzOI4tnhnoRWqsrEXxI4t5DQ8=,RxueH3dk8zN0DAv55+4+kA827eU=
29,15,WiZzOI4tnhnoRWqsrEXxI4t5DQ8=,RxueH3dk8zN0DAv55+4+kA827eU=
30,15,WiZzOI4tnhnoRWqsrEXxI4t5DQ8=,RxueH3dk8zN0DAv55+4+kA827eU=
31,15,WiZzOI4tnhnoRWqsrEXxI4t5DQ8=,RxueH3dk8zN0DAv55+4+kA827eU=
24,4,tgbVZ0gCCBAOV2XP08kJzF/PbK0=,Y0ZbYNgDfbZVMxIwFc4xz75mvZQ=
31,4,tgbVZ0gCCBAOV2XP08kJzF/PbK0=,5DtZqveuMN33/mnqUbG9EWpQj+s=
31,10,tgbVZ0gCCBAOV2XP08kJzF/PbK0=,tjZ6Fs7dH1dm1Lq8EBMmkxOWEig=
31,7,tgbVZ0gCCBAOV2XP08kJzF/PbK0=,5DtZqveuMN33/mnqUbG9EWpQj+s=
31,12,WiZzOI4tnhnoRWqsrEXxI4t5DQ8=,RxueH3dk8zN0DAv55+4+kA827eU=
31,8,tgbVZ0gCCBAOV2XP08kJzF/PbK0=,tjZ6Fs7dH1dm1Lq8EBMmkxOWEig=
31,9,tgbVZ0gCCBAOV2XP08kJzF/PbK0=,tjZ6Fs7dH1dm1Lq8EBMmkxOWEig=
31,11,tgbVZ0gCCBAOV2XP08kJzF/PbK0=,tjZ6Fs7dH1dm1Lq8EBMmkxOWEig=
25,9,tgbVZ0gCCBAOV2XP08kJzF/PbK0=,BByK5ARuLvQrjt9oN/tXPILNHdM=
27,8,tgbVZ0gCCBAOV2XP08kJzF/PbK0=,BByK5ARuLvQrjt9oN/tXPILNHdM=
24,9,tgbVZ0gCCBAOV2XP08kJzF/PbK0=,BByK5ARuLvQrjt9oN/tXPILNHdM=
28,8,tgbVZ0gCCBAOV2XP08kJzF/PbK0=,tjZ6Fs7dH1dm1Lq8EBMmkxOWEig=
23,9,WiZzOI4tnhnoRWqsrEXxI4t5DQ8=,LkaiwaXmpGmwk/vgIk1LdU2NeJE=
27,9,tgbVZ0gCCBAOV2XP08kJzF/PbK0=,BByK5ARuLvQrjt9oN/tXPILNHdM=
26,9,tgbVZ0gCCBAOV2XP08kJzF/PbK0=,BByK5ARuLvQrjt9oN/tXPILNHdM=
26,8,tgbVZ0gCCBAOV2XP08kJzF/PbK0=,BByK5ARuLvQrjt9oN/tXPILNHdM=
23,11,WiZzOI4tnhnoRWqsrEXxI4t5DQ8=,LkaiwaXmpGmwk/vgIk1LdU2NeJE=
28,7,tgbVZ0gCCBAOV2XP08kJzF/PbK0=,5DtZqveuMN33/mnqUbG9EWpQj+s=
23,10,WiZzOI4tnhnoRWqsrEXxI4t5DQ8=,LkaiwaXmpGmwk/vgIk1LdU2NeJE=
28,10,tgbVZ0gCCBAOV2XP08kJzF/PbK0=,tjZ6Fs7dH1dm1Lq8EBMmkxOWEig=
28,11,tgbVZ0gCCBAOV2XP08kJzF/PbK0=,tjZ6Fs7dH1dm1Lq8EBMmkxOWEig=
24,10,tgbVZ0gCCBAOV2XP08kJzF/PbK0=,BByK5ARuLvQrjt9oN/tXPILNHdM=
24,7,tgbVZ0gCCBAOV2XP08kJzF/PbK0=,Y0ZbYNgDfbZVMxIwFc4xz75mvZQ=
25,7,tgbVZ0gCCBAOV2XP08kJzF/PbK0=,Y0ZbYNgDfbZVMxIwFc4xz75mvZQ=
26,7,tgbVZ0gCCBAOV2XP08kJzF/PbK0=,Y0ZbYNgDfbZVMxIwFc4xz75mvZQ=
28,9,tgbVZ0gCCBAOV2XP08kJzF/PbK0=,tjZ6Fs7dH1dm1Lq8EBMmkxOWEig=
24,8,tgbVZ0gCCBAOV2XP08kJzF/PbK0=,BByK5ARuLvQrjt9oN/tXPILNHdM=
27,7,tgbVZ0gCCBAOV2XP08kJzF/PbK0=,Y0ZbYNgDfbZVMxIwFc4xz75mvZQ=
28,12,WiZzOI4tnhnoRWqsrEXxI4t5DQ8=,RxueH3dk8zN0DAv55+4+kA827eU=
27,11,tgbVZ0gCCBAOV2XP08kJzF/PbK0=,BByK5ARuLvQrjt9oN/tXPILNHdM=
24,11,tgbVZ0gCCBAOV2XP08kJzF/PbK0=,BByK5ARuLvQrjt9oN/tXPILNHdM=
26,11,tgbVZ0gCCBAOV2XP08kJzF/PbK0=,BByK5ARuLvQrjt9oN/tXPILNHdM=
23,8,WiZzOI4tnhnoRWqsrEXxI4t5DQ8=,LkaiwaXmpGmwk/vgIk1LdU2NeJE=
25,8,tgbVZ0gCCBAOV2XP08kJzF/PbK0=,BByK5ARuLvQrjt9oN/tXPILNHdM=
27,10,tgbVZ0gCCBAOV2XP08kJzF/PbK0=,BByK5ARuLvQrjt9oN/tXPILNHdM=
25,11,tgbVZ0gCCBAOV2XP08kJzF/PbK0=,BByK5ARuLvQrjt9oN/tXPILNHdM=
26,10,tgbVZ0gCCBAOV2XP08kJzF/PbK0=,BByK5ARuLvQrjt9oN/tXPILNHdM=
25,10,tgbVZ0gCCBAOV2XP08kJzF/PbK0=,BByK5ARuLvQrjt9oN/tXPILNHdM=
17,10,WiZzOI4tnhnoRWqsrEXxI4t5DQ8=,OKx0F01Nd630SOaMY2FAYBu6oHI=
17,11,WiZzOI4tnhnoRWqsrEXxI4t5DQ8=,OKx0F01Nd630SOaMY2FAYBu6oHI=
20,11,WiZzOI4tnhnoRWqsrEXxI4t5DQ8=,LkaiwaXmpGmwk/vgIk1LdU2NeJE=
16,10,WiZzOI4tnhnoRWqsrEXxI4t5DQ8=,OKx0F01Nd630SOaMY2FAYBu6oHI=
20,10,WiZzOI4tnhnoRWqsrEXxI4t5DQ8=,LkaiwaXmpGmwk/vgIk1LdU2NeJE=
20,8,WiZzOI4tnhnoRWqsrEXxI4t5DQ8=,LkaiwaXmpGmwk/vgIk1LdU2NeJE=
19,11,WiZzOI4tnhnoRWqsrEXxI4t5DQ8=,OKx0F01Nd630SOaMY2FAYBu6oHI=
19,10,WiZzOI4tnhnoRWqsrEXxI4t5DQ8=,OKx0F01Nd630SOaMY2FAYBu6oHI=
18,10,WiZzOI4tnhnoRWqsrEXxI4t5DQ8=,OKx0F01Nd630SOaMY2FAYBu6oHI=
19,8,WiZzOI4tnhnoRWqsrEXxI4t5DQ8=,OKx0F01Nd630SOaMY2FAYBu6oHI=
18,11,WiZzOI4tnhnoRWqsrEXxI4t5DQ8=,OKx0F01Nd630SOaMY2FAYBu6oHI=
16,9,WiZzOI4tnhnoRWqsrEXxI4t5DQ8=,OKx0F01Nd630SOaMY2FAYBu6oHI=
18,9,WiZzOI4tnhnoRWqsrEXxI4t5DQ8=,OKx0F01Nd630SOaMY2FAYBu6oHI=
16,11,WiZzOI4tnhnoRWqsrEXxI4t5DQ8=,OKx0F01Nd630SOaMY2FAYBu6oHI=
17,9,WiZzOI4tnhnoRWqsrEXxI4t5DQ8=,OKx0F01Nd630SOaMY2FAYBu6oHI=
19,9,WiZzOI4tnhnoRWqsrEXxI4t5DQ8=,OKx0F01Nd630SOaMY2FAYBu6oHI=
18,8,WiZzOI4tnhnoRWqsrEXxI4t5DQ8=,OKx0F01Nd630SOaMY2FAYBu6oHI=
16,8,WiZzOI4tnhnoRWqsrEXxI4t5DQ8=,OKx0F01Nd630SOaMY2FAYBu6oHI=
20,9,WiZzOI4tnhnoRWqsrEXxI4t5DQ8=,LkaiwaXmpGmwk/vgIk1LdU2NeJE=
17,8,WiZzOI4tnhnoRWqsrEXxI4t5DQ8=,OKx0F01Nd630SOaMY2FAYBu6oHI=
13,25,Bk1tBP0uoWp0lJlMLtWpAQ8eMe4=,pY7UnPj0nPYcMhJQii/q3ltLb+w=
14,26,Bk1tBP0uoWp0lJlMLtWpAQ8eMe4=,pY7UnPj0nPYcMhJQii/q3ltLb+w=
13,26,Bk1tBP0uoWp0lJlMLtWpAQ8eMe4=,pY7UnPj0nPYcMhJQii/q3ltLb+w=
14,25,Bk1tBP0uoWp0lJlMLtWpAQ8eMe4=,pY7UnPj0nPYcMhJQii/q3ltLb+w=
15,26,yk/0wz4Szmel8o9GNM8V4UDcFbQ=,pY7UnPj0nPYcMhJQii/q3ltLb+w=
15,25,yk/0wz4Szmel8o9GNM8V4UDcFbQ=,pY7UnPj0nPYcMhJQii/q3ltLb+w=
12,25,Bk1tBP0uoWp0lJlMLtWpAQ8eMe4=,pY7UnPj0nPYcMhJQii/q3ltLb+w=
12,26,Bk1tBP0uoWp0lJlMLtWpAQ8eMe4=,pY7UnPj0nPYcMhJQii/q3ltLb+w=
13,27,Bk1tBP0uoWp0lJlMLtWpAQ8eMe4=,pY7UnPj0nPYcMhJQii/q3ltLb+w=
14,27,Bk1tBP0uoWp0lJlMLtWpAQ8eMe4=,pY7UnPj0nPYcMhJQii/q3ltLb+w=
15,27,yk/0wz4Szmel8o9GNM8V4UDcFbQ=,pY7UnPj0nPYcMhJQii/q3ltLb+w=
12,27,Bk1tBP0uoWp0lJlMLtWpAQ8eMe4=,pY7UnPj0nPYcMhJQii/q3ltLb+w=
12,24,yk/0wz4Szmel8o9GNM8V4UDcFbQ=,pY7UnPj0nPYcMhJQii/q3ltLb+w=
15,24,yk/0wz4Szmel8o9GNM8V4UDcFbQ=,pY7UnPj0nPYcMhJQii/q3ltLb+w=
14,24,yk/0wz4Szmel8o9GNM8V4UDcFbQ=,pY7UnPj0nPYcMhJQii/q3ltLb+w=
13,24,yk/0wz4Szmel8o9GNM8V4UDcFbQ=,pY7UnPj0nPYcMhJQii/q3ltLb+w=
21,17,rzelYeVnVN2fFUkxqtHEdVhuN54=,lWirj4vKC6ipAsKkD2T582XiND0=
22,17,rzelYeVnVN2fFUkxqtHEdVhuN54=,lWirj4vKC6ipAsKkD2T582XiND0=
21,18,rzelYeVnVN2fFUkxqtHEdVhuN54=,lWirj4vKC6ipAsKkD2T582XiND0=
22,18,rzelYeVnVN2fFUkxqtHEdVhuN54=,lWirj4vKC6ipAsKkD2T582XiND0=
21,16,7S2YfNB0/E25HTMmwTpBfK/IlU0=,lWirj4vKC6ipAsKkD2T582XiND0=
22,16,7S2YfNB0/E25HTMmwTpBfK/IlU0=,lWirj4vKC6ipAsKkD2T582XiND0=
23,17,7S2YfNB0/E25HTMmwTpBfK/IlU0=,lWirj4vKC6ipAsKkD2T582XiND0=
23,18,7S2YfNB0/E25HTMmwTpBfK/IlU0=,lWirj4vKC6ipAsKkD2T582XiND0=
23,16,7S2YfNB0/E25HTMmwTpBfK/IlU0=,lWirj4vKC6ipAsKkD2T582XiND0=
20,17,7S2YfNB0/E25HTMmwTpBfK/IlU0=,lWirj4vKC6ipAsKkD2T582XiND0=
20,16,7S2YfNB0/E25HTMmwTpBfK/IlU0=,lWirj4vKC6ipAsKkD2T582XiND0=
20,18,7S2YfNB0/E25HTMmwTpBfK/IlU0=,lWirj4vKC6ipAsKkD2T582XiND0=
21,19,7S2YfNB0/E25HTMmwTpBfK/IlU0=,lWirj4vKC6ipAsKkD2T582XiND0=
23,19,7S2YfNB0/E25HTMmwTpBfK/IlU0=,lWirj4vKC6ipAsKkD2T582XiND0=
22,19,7S2YfNB0/E25HTMmwTpBfK/IlU0=,lWirj4vKC6ipAsKkD2T582XiND0=
20,19,7S2YfNB0/E25HTMmwTpBfK/IlU0=,lWirj4vKC6ipAsKkD2T582XiND0=
17,14,tgbVZ0gCCBAOV2XP08kJzF/PbK0=,a//SfQZ9QX9MQ551heAcU7/gUQA=
18,13,tgbVZ0gCCBAOV2XP08kJzF/PbK0=,a//SfQZ9QX9MQ551heAcU7/gUQA=
17,13,tgbVZ0gCCBAOV2XP08kJzF/PbK0=,a//SfQZ9QX9MQ551heAcU7/gUQA=
19,13,tgbVZ0gCCBAOV2XP08kJzF/PbK0=,a//SfQZ9QX9MQ551heAcU7/gUQA=
18,14,tgbVZ0gCCBAOV2XP08kJzF/PbK0=,a//SfQZ9QX9MQ551heAcU7/gUQA=
19,14,tgbVZ0gCCBAOV2XP08kJzF/PbK0=,a//SfQZ9QX9MQ551heAcU7/gUQA=
16,13,tgbVZ0gCCBAOV2XP08kJzF/PbK0=,a//SfQZ9QX9MQ551heAcU7/gUQA=
16,14,tgbVZ0gCCBAOV2XP08kJzF/PbK0=,a//SfQZ9QX9MQ551heAcU7/gUQA=
18,12,tgbVZ0gCCBAOV2XP08kJzF/PbK0=,a//SfQZ9QX9MQ551heAcU7/gUQA=
17,12,tgbVZ0gCCBAOV2XP08kJzF/PbK0=,a//SfQZ9QX9MQ551heAcU7/gUQA=
16,12,tgbVZ0gCCBAOV2XP08kJzF/PbK0=,a//SfQZ9QX9MQ551heAcU7/gUQA=
19,12,tgbVZ0gCCBAOV2XP08kJzF/PbK0=,a//SfQZ9QX9MQ551heAcU7/gUQA=
17,15,tgbVZ0gCCBAOV2XP08kJzF/PbK0=,a//SfQZ9QX9MQ551heAcU7/gUQA=
18,15,tgbVZ0gCCBAOV2XP08kJzF/PbK0=,a//SfQZ9QX9MQ551heAcU7/gUQA=
19,15,tgbVZ0gCCBAOV2XP08kJzF/PbK0=,a//SfQZ9QX9MQ551heAcU7/gUQA=
16,15,tgbVZ0gCCBAOV2XP08kJzF/PbK0=,a//SfQZ9QX9MQ551heAcU7/gUQA=
21,5,Y/Yvx87LRf5fx9wpVdX9tcS1/uY=,Q4worAe4Q+TFfyu/qKHqjByFDLM=
22,6,Y/Yvx87LRf5fx9wpVdX9tcS1/uY=,Q4worAe4Q+TFfyu/qKHqjByFDLM=
21,6,Y/Yvx87LRf5fx9wpVdX9tcS1/uY=,Q4worAe4Q+TFfyu/qKHqjByFDLM=
22,5,Y/Yvx87LRf5fx9wpVdX9tcS1/uY=,Q4worAe4Q+TFfyu/qKHqjByFDLM=
23,5,Y/Yvx87LRf5fx9wpVdX9tcS1/uY=,Q4worAe4Q+TFfyu/qKHqjByFDLM=
23,6,Y/Yvx87LRf5fx9wpVdX9tcS1/uY=,Q4worAe4Q+TFfyu/qKHqjByFDLM=
21,7,Y/Yvx87LRf5fx9wpVdX9tcS1/uY=,Q4worAe4Q+TFfyu/qKHqjByFDLM=
22,7,Y/Yvx87LRf5fx9wpVdX9tcS1/uY=,Q4worAe4Q+TFfyu/qKHqjByFDLM=
23,7,Y/Yvx87LRf5fx9wpVdX9tcS1/uY=,Q4worAe4Q+TFfyu/qKHqjByFDLM=
20,7,Y/Yvx87LRf5fx9wpVdX9tcS1/uY=,Q4worAe4Q+TFfyu/qKHqjByFDLM=
20,6,l/VHi1tB5tQTrQsUYLc6wZykp9Y=,Q4worAe4Q+TFfyu/qKHqjByFDLM=
20,5,l/VHi1tB5tQTrQsUYLc6wZykp9Y=,Q4worAe4Q+TFfyu/qKHqjByFDLM=
23,4,l/VHi1tB5tQTrQsUYLc6wZykp9Y=,Q4worAe4Q+TFfyu/qKHqjByFDLM=
22,4,l/VHi1tB5tQTrQsUYLc6wZykp9Y=,Q4worAe4Q+TFfyu/qKHqjByFDLM=
21,4,l/VHi1tB5tQTrQsUYLc6wZykp9Y=,Q4worAe4Q+TFfyu/qKHqjByFDLM=
20,4,l/VHi1tB5tQTrQsUYLc6wZykp9Y=,Q4worAe4Q+TFfyu/qKHqjByFDLM=
