2,-268,mwzG0AvKJfSCPQgcTIk+DUpB4b4=,Oot/zBbtTjgPI4LI5eeIsj3oyV4=
1,-269,mwzG0AvKJfSCPQgcTIk+DUpB4b4=,PKQYnUvW/NshWxHyPeu/i2riq74=
2,-267,mwzG0AvKJfSCPQgcTIk+DUpB4b4=,Oot/zBbtTjgPI4LI5eeIsj3oyV4=
1,-266,mwzG0AvKJfSCPQgcTIk+DUpB4b4=,2ZJzcgAKiep8+8rkd2EOoo1Cmro=
1,-267,mwzG0AvKJfSCPQgcTIk+DUpB4b4=,AoQXg/A1+sbNB8zaWxtfKUsVO1A=
1,-268,mwzG0AvKJfSCPQgcTIk+DUpB4b4=,AoQXg/A1+sbNB8zaWxtfKUsVO1A=
2,-266,mwzG0AvKJfSCPQgcTIk+DUpB4b4=,aOBVJWAIy8EWvjbTnMyLclvZI4E=
3,-264,mwzG0AvKJfSCPQgcTIk+DUpB4b4=,z1mw4kjgctlBsQt5cIwOZPcnXeQ=
4,-265,mwzG0AvKJfSCPQgcTIk+DUpB4b4=,Nv06bF2GopU62DNB6JjIl+Bor7I=
3,-265,mwzG0AvKJfSCPQgcTIk+DUpB4b4=,aOBVJWAIy8EWvjbTnMyLclvZI4E=
4,-264,mwzG0AvKJfSCPQgcTIk+DUpB4b4=,8fIxf0DNdykdyFd5Q16LVWM/TTQ=
3,-263,mwzG0AvKJfSCPQgcTIk+DUpB4b4=,z1mw4kjgctlBsQt5cIwOZPcnXeQ=
3,-262,mwzG0AvKJfSCPQgcTIk+DUpB4b4=,ssOnPTZ1MmygFfHU9iqV3Fi8MMA=
4,-262,mwzG0AvKJfSCPQgcTIk+DUpB4b4=,sc+0/XbYQmAtsSQiCB9LsYrACgU=
4,-263,mwzG0AvKJfSCPQgcTIk+DUpB4b4=,8fIxf0DNdykdyFd5Q16LVWM/TTQ=
6,-262,mwzG0AvKJfSCPQgcTIk+DUpB4b4=,6mX58yNygIdYgjIHGwY+0v5uyAE=
6,-263,mwzG0AvKJfSCPQgcTIk+DUpB4b4=,0keljGkb0dz25DgKHlBVwwtc52k=
5,-263,mwzG0AvKJfSCPQgcTIk+DUpB4b4=,8fIxf0DNdykdyFd5Q16LVWM/TTQ=
5,-262,mwzG0AvKJfSCPQgcTIk+DUpB4b4=,sc+0/XbYQmAtsSQiCB9LsYrACgU=
7,-262,mwzG0AvKJfSCPQgcTIk+DUpB4b4=,6mX58yNygIdYgjIHGwY+0v5uyAE=
7,-263,mwzG0AvKJfSCPQgcTIk+DUpB4b4=,0keljGkb0dz25DgKHlBVwwtc52k=
3,-267,mwzG0AvKJfSCPQgcTIk+DUpB4b4=,Oot/zBbtTjgPI4LI5eeIsj3oyV4=
3,-268,mwzG0AvKJfSCPQgcTIk+DUpB4b4=,Oot/zBbtTjgPI4LI5eeIsj3oyV4=
4,-266,mwzG0AvKJfSCPQgcTIk+DUpB4b4=,Nv06bF2GopU62DNB6JjIl+Bor7I=
5,-265,mwzG0AvKJfSCPQgcTIk+DUpB4b4=,Nv06bF2GopU62DNB6JjIl+Bor7I=
1,-265,mwzG0AvKJfSCPQgcTIk+DUpB4b4=,2ZJzcgAKiep8+8rkd2EOoo1Cmro=
2,-264,mwzG0AvKJfSCPQgcTIk+DUpB4b4=,z1mw4kjgctlBsQt5cIwOZPcnXeQ=
2,-262,mwzG0AvKJfSCPQgcTIk+DUpB4b4=,ssOnPTZ1MmygFfHU9iqV3Fi8MMA=
2,-263,mwzG0AvKJfSCPQgcTIk+DUpB4b4=,z1mw4kjgctlBsQt5cIwOZPcnXeQ=
5,-264,mwzG0AvKJfSCPQgcTIk+DUpB4b4=,8fIxf0DNdykdyFd5Q16LVWM/TTQ=
2,-265,mwzG0AvKJfSCPQgcTIk+DUpB4b4=,aOBVJWAIy8EWvjbTnMyLclvZI4E=
6,-264,mwzG0AvKJfSCPQgcTIk+DUpB4b4=,0keljGkb0dz25DgKHlBVwwtc52k=
7,-261,mwzG0AvKJfSCPQgcTIk+DUpB4b4=,6mX58yNygIdYgjIHGwY+0v5uyAE=
3,-266,mwzG0AvKJfSCPQgcTIk+DUpB4b4=,aOBVJWAIy8EWvjbTnMyLclvZI4E=
9,-257,mwzG0AvKJfSCPQgcTIk+DUpB4b4=,cAwVMWsJGiGhmziZOKROGge5yRo=
9,-258,mwzG0AvKJfSCPQgcTIk+DUpB4b4=,cAwVMWsJGiGhmziZOKROGge5yRo=
6,-261,mwzG0AvKJfSCPQgcTIk+DUpB4b4=,6mX58yNygIdYgjIHGwY+0v5uyAE=
7,-260,mwzG0AvKJfSCPQgcTIk+DUpB4b4=,+OV6hOq9ihhWVdbxjEMT1V6KPtw=
5,-260,mwzG0AvKJfSCPQgcTIk+DUpB4b4=,cbfY0/r50y58yH2w1tNqcvxLoY0=
6,-260,mwzG0AvKJfSCPQgcTIk+DUpB4b4=,+OV6hOq9ihhWVdbxjEMT1V6KPtw=
0,-268,mwzG0AvKJfSCPQgcTIk+DUpB4b4=,AoQXg/A1+sbNB8zaWxtfKUsVO1A=
0,-269,mwzG0AvKJfSCPQgcTIk+DUpB4b4=,PKQYnUvW/NshWxHyPeu/i2riq74=
4,-261,mwzG0AvKJfSCPQgcTIk+DUpB4b4=,sc+0/XbYQmAtsSQiCB9LsYrACgU=
4,-260,mwzG0AvKJfSCPQgcTIk+DUpB4b4=,cbfY0/r50y58yH2w1tNqcvxLoY0=
3,-261,mwzG0AvKJfSCPQgcTIk+DUpB4b4=,ssOnPTZ1MmygFfHU9iqV3Fi8MMA=
4,-259,mwzG0AvKJfSCPQgcTIk+DUpB4b4=,cbfY0/r50y58yH2w1tNqcvxLoY0=
2,-261,mwzG0AvKJfSCPQgcTIk+DUpB4b4=,ssOnPTZ1MmygFfHU9iqV3Fi8MMA=
5,-266,mwzG0AvKJfSCPQgcTIk+DUpB4b4=,Nv06bF2GopU62DNB6JjIl+Bor7I=
5,-259,mwzG0AvKJfSCPQgcTIk+DUpB4b4=,cbfY0/r50y58yH2w1tNqcvxLoY0=
8,-257,mwzG0AvKJfSCPQgcTIk+DUpB4b4=,cAwVMWsJGiGhmziZOKROGge5yRo=
7,-264,mwzG0AvKJfSCPQgcTIk+DUpB4b4=,0keljGkb0dz25DgKHlBVwwtc52k=
0,-267,mwzG0AvKJfSCPQgcTIk+DUpB4b4=,AoQXg/A1+sbNB8zaWxtfKUsVO1A=
0,-266,mwzG0AvKJfSCPQgcTIk+DUpB4b4=,2ZJzcgAKiep8+8rkd2EOoo1Cmro=
0,-265,mwzG0AvKJfSCPQgcTIk+DUpB4b4=,2ZJzcgAKiep8+8rkd2EOoo1Cmro=
7,-259,mwzG0AvKJfSCPQgcTIk+DUpB4b4=,+OV6hOq9ihhWVdbxjEMT1V6KPtw=
5,-261,mwzG0AvKJfSCPQgcTIk+DUpB4b4=,sc+0/XbYQmAtsSQiCB9LsYrACgU=
8,-258,mwzG0AvKJfSCPQgcTIk+DUpB4b4=,cAwVMWsJGiGhmziZOKROGge5yRo=
7,-258,mwzG0AvKJfSCPQgcTIk+DUpB4b4=,ov7FwkYrYhud/NQ5CXf0K75aZeE=
7,-257,mwzG0AvKJfSCPQgcTIk+DUpB4b4=,ov7FwkYrYhud/NQ5CXf0K75aZeE=
6,-257,mwzG0AvKJfSCPQgcTIk+DUpB4b4=,ov7FwkYrYhud/NQ5CXf0K75aZeE=
6,-259,mwzG0AvKJfSCPQgcTIk+DUpB4b4=,+OV6hOq9ihhWVdbxjEMT1V6KPtw=
6,-258,mwzG0AvKJfSCPQgcTIk+DUpB4b4=,ov7FwkYrYhud/NQ5CXf0K75aZeE=
1,-271,mwzG0AvKJfSCPQgcTIk+DUpB4b4=,mHK7ds0kJXc3aksMrLvvgNyUwrU=
1,-270,mwzG0AvKJfSCPQgcTIk+DUpB4b4=,PKQYnUvW/NshWxHyPeu/i2riq74=
1,-272,mwzG0AvKJfSCPQgcTIk+DUpB4b4=,mHK7ds0kJXc3aksMrLvvgNyUwrU=
0,-272,mwzG0AvKJfSCPQgcTIk+DUpB4b4=,mHK7ds0kJXc3aksMrLvvgNyUwrU=
0,-270,mwzG0AvKJfSCPQgcTIk+DUpB4b4=,PKQYnUvW/NshWxHyPeu/i2riq74=
0,-271,mwzG0AvKJfSCPQgcTIk+DUpB4b4=,mHK7ds0kJXc3aksMrLvvgNyUwrU=
1,-282,mwzG0AvKJfSCPQgcTIk+DUpB4b4=,yUJ8Nb1cJMbAeTlTTBIk4VD0uYs=
1,-281,mwzG0AvKJfSCPQgcTIk+DUpB4b4=,yUJ8Nb1cJMbAeTlTTBIk4VD0uYs=
1,-283,mwzG0AvKJfSCPQgcTIk+DUpB4b4=,ZYu99GHGHKSRbSwDYB6mL2neZLY=
0,-283,mwzG0AvKJfSCPQgcTIk+DUpB4b4=,ZYu99GHGHKSRbSwDYB6mL2neZLY=
0,-281,mwzG0AvKJfSCPQgcTIk+DUpB4b4=,yUJ8Nb1cJMbAeTlTTBIk4VD0uYs=
0,-284,mwzG0AvKJfSCPQgcTIk+DUpB4b4=,ZYu99GHGHKSRbSwDYB6mL2neZLY=
0,-282,mwzG0AvKJfSCPQgcTIk+DUpB4b4=,yUJ8Nb1cJMbAeTlTTBIk4VD0uYs=
0,-286,mwzG0AvKJfSCPQgcTIk+DUpB4b4=,FyesMBG9YJgXRg15+9hR2in1tno=
0,-285,mwzG0AvKJfSCPQgcTIk+DUpB4b4=,FyesMBG9YJgXRg15+9hR2in1tno=
0,-287,mwzG0AvKJfSCPQgcTIk+DUpB4b4=,W56vAAIPfplbFp8/uMAP7wNgRvg=
1,-285,mwzG0AvKJfSCPQgcTIk+DUpB4b4=,FyesMBG9YJgXRg15+9hR2in1tno=
1,-284,mwzG0AvKJfSCPQgcTIk+DUpB4b4=,ZYu99GHGHKSRbSwDYB6mL2neZLY=
1,-286,mwzG0AvKJfSCPQgcTIk+DUpB4b4=,FyesMBG9YJgXRg15+9hR2in1tno=
0,-288,mwzG0AvKJfSCPQgcTIk+DUpB4b4=,W56vAAIPfplbFp8/uMAP7wNgRvg=
1,-288,mwzG0AvKJfSCPQgcTIk+DUpB4b4=,W56vAAIPfplbFp8/uMAP7wNgRvg=
1,-287,mwzG0AvKJfSCPQgcTIk+DUpB4b4=,W56vAAIPfplbFp8/uMAP7wNgRvg=
