219,-3,yOXunOGiZ2M/fYh0m5qXralmASo=,7c86UBaBFYDAdD7Nr+NRiyYYR90=
221,-4,yOXunOGiZ2M/fYh0m5qXralmASo=,7c86UBaBFYDAdD7Nr+NRiyYYR90=
223,-5,yOXunOGiZ2M/fYh0m5qXralmASo=,7c86UBaBFYDAdD7Nr+NRiyYYR90=
216,-6,yOXunOGiZ2M/fYh0m5qXralmASo=,7c86UBaBFYDAdD7Nr+NRiyYYR90=
223,-6,yOXunOGiZ2M/fYh0m5qXralmASo=,7c86UBaBFYDAdD7Nr+NRiyYYR90=
222,-5,yOXunOGiZ2M/fYh0m5qXralmASo=,7c86UBaBFYDAdD7Nr+NRiyYYR90=
220,-3,yOXunOGiZ2M/fYh0m5qXralmASo=,7c86UBaBFYDAdD7Nr+NRiyYYR90=
222,-6,yOXunOGiZ2M/fYh0m5qXralmASo=,7c86UBaBFYDAdD7Nr+NRiyYYR90=
216,-4,yOXunOGiZ2M/fYh0m5qXralmASo=,7c86UBaBFYDAdD7Nr+NRiyYYR90=
216,-5,yOXunOGiZ2M/fYh0m5qXralmASo=,7c86UBaBFYDAdD7Nr+NRiyYYR90=
221,-3,yOXunOGiZ2M/fYh0m5qXralmASo=,7c86UBaBFYDAdD7Nr+NRiyYYR90=
222,-3,yOXunOGiZ2M/fYh0m5qXralmASo=,7c86UBaBFYDAdD7Nr+NRiyYYR90=
221,-5,yOXunOGiZ2M/fYh0m5qXralmASo=,7c86UBaBFYDAdD7Nr+NRiyYYR90=
221,-6,yOXunOGiZ2M/fYh0m5qXralmASo=,7c86UBaBFYDAdD7Nr+NRiyYYR90=
217,-4,yOXunOGiZ2M/fYh0m5qXralmASo=,7c86UBaBFYDAdD7Nr+NRiyYYR90=
217,-6,yOXunOGiZ2M/fYh0m5qXralmASo=,7c86UBaBFYDAdD7Nr+NRiyYYR90=
217,-5,yOXunOGiZ2M/fYh0m5qXralmASo=,7c86UBaBFYDAdD7Nr+NRiyYYR90=
219,-8,yOXunOGiZ2M/fYh0m5qXralmASo=,7c86UBaBFYDAdD7Nr+NRiyYYR90=
222,-4,yOXunOGiZ2M/fYh0m5qXralmASo=,7c86UBaBFYDAdD7Nr+NRiyYYR90=
223,-3,yOXunOGiZ2M/fYh0m5qXralmASo=,7c86UBaBFYDAdD7Nr+NRiyYYR90=
218,-4,yOXunOGiZ2M/fYh0m5qXralmASo=,7c86UBaBFYDAdD7Nr+NRiyYYR90=
216,-2,yOXunOGiZ2M/fYh0m5qXralmASo=,7c86UBaBFYDAdD7Nr+NRiyYYR90=
217,-2,yOXunOGiZ2M/fYh0m5qXralmASo=,7c86UBaBFYDAdD7Nr+NRiyYYR90=
223,-4,yOXunOGiZ2M/fYh0m5qXralmASo=,7c86UBaBFYDAdD7Nr+NRiyYYR90=
218,-2,yOXunOGiZ2M/fYh0m5qXralmASo=,7c86UBaBFYDAdD7Nr+NRiyYYR90=
219,-2,yOXunOGiZ2M/fYh0m5qXralmASo=,7c86UBaBFYDAdD7Nr+NRiyYYR90=
223,-7,yOXunOGiZ2M/fYh0m5qXralmASo=,7c86UBaBFYDAdD7Nr+NRiyYYR90=
220,-2,yOXunOGiZ2M/fYh0m5qXralmASo=,7c86UBaBFYDAdD7Nr+NRiyYYR90=
221,-7,yOXunOGiZ2M/fYh0m5qXralmASo=,7c86UBaBFYDAdD7Nr+NRiyYYR90=
219,-7,yOXunOGiZ2M/fYh0m5qXralmASo=,7c86UBaBFYDAdD7Nr+NRiyYYR90=
222,-7,yOXunOGiZ2M/fYh0m5qXralmASo=,7c86UBaBFYDAdD7Nr+NRiyYYR90=
220,-7,yOXunOGiZ2M/fYh0m5qXralmASo=,7c86UBaBFYDAdD7Nr+NRiyYYR90=
219,-5,yOXunOGiZ2M/fYh0m5qXralmASo=,7c86UBaBFYDAdD7Nr+NRiyYYR90=
218,-8,yOXunOGiZ2M/fYh0m5qXralmASo=,7c86UBaBFYDAdD7Nr+NRiyYYR90=
220,-6,yOXunOGiZ2M/fYh0m5qXralmASo=,7c86UBaBFYDAdD7Nr+NRiyYYR90=
219,-6,yOXunOGiZ2M/fYh0m5qXralmASo=,7c86UBaBFYDAdD7Nr+NRiyYYR90=
218,-3,yOXunOGiZ2M/fYh0m5qXralmASo=,7c86UBaBFYDAdD7Nr+NRiyYYR90=
222,-2,yOXunOGiZ2M/fYh0m5qXralmASo=,7c86UBaBFYDAdD7Nr+NRiyYYR90=
221,-2,yOXunOGiZ2M/fYh0m5qXralmASo=,7c86UBaBFYDAdD7Nr+NRiyYYR90=
218,-7,yOXunOGiZ2M/fYh0m5qXralmASo=,7c86UBaBFYDAdD7Nr+NRiyYYR90=
217,-8,yOXunOGiZ2M/fYh0m5qXralmASo=,7c86UBaBFYDAdD7Nr+NRiyYYR90=
223,-2,yOXunOGiZ2M/fYh0m5qXralmASo=,7c86UBaBFYDAdD7Nr+NRiyYYR90=
217,-7,yOXunOGiZ2M/fYh0m5qXralmASo=,7c86UBaBFYDAdD7Nr+NRiyYYR90=
216,-7,yOXunOGiZ2M/fYh0m5qXralmASo=,7c86UBaBFYDAdD7Nr+NRiyYYR90=
222,-8,yOXunOGiZ2M/fYh0m5qXralmASo=,7c86UBaBFYDAdD7Nr+NRiyYYR90=
223,-8,yOXunOGiZ2M/fYh0m5qXralmASo=,7c86UBaBFYDAdD7Nr+NRiyYYR90=
221,-8,yOXunOGiZ2M/fYh0m5qXralmASo=,7c86UBaBFYDAdD7Nr+NRiyYYR90=
219,-4,yOXunOGiZ2M/fYh0m5qXralmASo=,7c86UBaBFYDAdD7Nr+NRiyYYR90=
220,-8,yOXunOGiZ2M/fYh0m5qXralmASo=,7c86UBaBFYDAdD7Nr+NRiyYYR90=
216,-1,yOXunOGiZ2M/fYh0m5qXralmASo=,7c86UBaBFYDAdD7Nr+NRiyYYR90=
216,-8,yOXunOGiZ2M/fYh0m5qXralmASo=,7c86UBaBFYDAdD7Nr+NRiyYYR90=
217,-3,yOXunOGiZ2M/fYh0m5qXralmASo=,7c86UBaBFYDAdD7Nr+NRiyYYR90=
218,-6,yOXunOGiZ2M/fYh0m5qXralmASo=,7c86UBaBFYDAdD7Nr+NRiyYYR90=
220,-4,yOXunOGiZ2M/fYh0m5qXralmASo=,7c86UBaBFYDAdD7Nr+NRiyYYR90=
223,-1,yOXunOGiZ2M/fYh0m5qXralmASo=,7c86UBaBFYDAdD7Nr+NRiyYYR90=
222,-1,yOXunOGiZ2M/fYh0m5qXralmASo=,7c86UBaBFYDAdD7Nr+NRiyYYR90=
217,-1,yOXunOGiZ2M/fYh0m5qXralmASo=,7c86UBaBFYDAdD7Nr+NRiyYYR90=
221,-1,yOXunOGiZ2M/fYh0m5qXralmASo=,7c86UBaBFYDAdD7Nr+NRiyYYR90=
216,-3,yOXunOGiZ2M/fYh0m5qXralmASo=,7c86UBaBFYDAdD7Nr+NRiyYYR90=
219,-1,yOXunOGiZ2M/fYh0m5qXralmASo=,7c86UBaBFYDAdD7Nr+NRiyYYR90=
220,-1,yOXunOGiZ2M/fYh0m5qXralmASo=,7c86UBaBFYDAdD7Nr+NRiyYYR90=
218,-1,yOXunOGiZ2M/fYh0m5qXralmASo=,7c86UBaBFYDAdD7Nr+NRiyYYR90=
220,-5,yOXunOGiZ2M/fYh0m5qXralmASo=,7c86UBaBFYDAdD7Nr+NRiyYYR90=
218,-5,yOXunOGiZ2M/fYh0m5qXralmASo=,7c86UBaBFYDAdD7Nr+NRiyYYR90=
198,-14,pn3tm+REXbuLjdnUiEJWoQoO5Oo=,C6m3nDbfp2pgTaNadHeztzQ0EOI=
195,-16,pn3tm+REXbuLjdnUiEJWoQoO5Oo=,C6m3nDbfp2pgTaNadHeztzQ0EOI=
198,-15,pn3tm+REXbuLjdnUiEJWoQoO5Oo=,C6m3nDbfp2pgTaNadHeztzQ0EOI=
197,-15,pn3tm+REXbuLjdnUiEJWoQoO5Oo=,C6m3nDbfp2pgTaNadHeztzQ0EOI=
193,-15,pn3tm+REXbuLjdnUiEJWoQoO5Oo=,C6m3nDbfp2pgTaNadHeztzQ0EOI=
199,-10,pn3tm+REXbuLjdnUiEJWoQoO5Oo=,C6m3nDbfp2pgTaNadHeztzQ0EOI=
196,-15,pn3tm+REXbuLjdnUiEJWoQoO5Oo=,C6m3nDbfp2pgTaNadHeztzQ0EOI=
195,-15,pn3tm+REXbuLjdnUiEJWoQoO5Oo=,C6m3nDbfp2pgTaNadHeztzQ0EOI=
199,-15,pn3tm+REXbuLjdnUiEJWoQoO5Oo=,C6m3nDbfp2pgTaNadHeztzQ0EOI=
194,-15,pn3tm+REXbuLjdnUiEJWoQoO5Oo=,C6m3nDbfp2pgTaNadHeztzQ0EOI=
194,-16,pn3tm+REXbuLjdnUiEJWoQoO5Oo=,C6m3nDbfp2pgTaNadHeztzQ0EOI=
198,-10,pn3tm+REXbuLjdnUiEJWoQoO5Oo=,C6m3nDbfp2pgTaNadHeztzQ0EOI=
197,-14,pn3tm+REXbuLjdnUiEJWoQoO5Oo=,C6m3nDbfp2pgTaNadHeztzQ0EOI=
196,-10,pn3tm+REXbuLjdnUiEJWoQoO5Oo=,C6m3nDbfp2pgTaNadHeztzQ0EOI=
192,-15,pn3tm+REXbuLjdnUiEJWoQoO5Oo=,C6m3nDbfp2pgTaNadHeztzQ0EOI=
197,-10,pn3tm+REXbuLjdnUiEJWoQoO5Oo=,C6m3nDbfp2pgTaNadHeztzQ0EOI=
196,-14,pn3tm+REXbuLjdnUiEJWoQoO5Oo=,C6m3nDbfp2pgTaNadHeztzQ0EOI=
199,-11,pn3tm+REXbuLjdnUiEJWoQoO5Oo=,C6m3nDbfp2pgTaNadHeztzQ0EOI=
193,-10,pn3tm+REXbuLjdnUiEJWoQoO5Oo=,C6m3nDbfp2pgTaNadHeztzQ0EOI=
198,-11,pn3tm+REXbuLjdnUiEJWoQoO5Oo=,C6m3nDbfp2pgTaNadHeztzQ0EOI=
193,-16,pn3tm+REXbuLjdnUiEJWoQoO5Oo=,C6m3nDbfp2pgTaNadHeztzQ0EOI=
197,-11,pn3tm+REXbuLjdnUiEJWoQoO5Oo=,C6m3nDbfp2pgTaNadHeztzQ0EOI=
199,-16,pn3tm+REXbuLjdnUiEJWoQoO5Oo=,C6m3nDbfp2pgTaNadHeztzQ0EOI=
196,-11,pn3tm+REXbuLjdnUiEJWoQoO5Oo=,C6m3nDbfp2pgTaNadHeztzQ0EOI=
195,-14,pn3tm+REXbuLjdnUiEJWoQoO5Oo=,C6m3nDbfp2pgTaNadHeztzQ0EOI=
192,-10,pn3tm+REXbuLjdnUiEJWoQoO5Oo=,C6m3nDbfp2pgTaNadHeztzQ0EOI=
194,-11,pn3tm+REXbuLjdnUiEJWoQoO5Oo=,C6m3nDbfp2pgTaNadHeztzQ0EOI=
192,-11,pn3tm+REXbuLjdnUiEJWoQoO5Oo=,C6m3nDbfp2pgTaNadHeztzQ0EOI=
199,-12,pn3tm+REXbuLjdnUiEJWoQoO5Oo=,C6m3nDbfp2pgTaNadHeztzQ0EOI=
197,-12,pn3tm+REXbuLjdnUiEJWoQoO5Oo=,C6m3nDbfp2pgTaNadHeztzQ0EOI=
198,-12,pn3tm+REXbuLjdnUiEJWoQoO5Oo=,C6m3nDbfp2pgTaNadHeztzQ0EOI=
196,-12,pn3tm+REXbuLjdnUiEJWoQoO5Oo=,C6m3nDbfp2pgTaNadHeztzQ0EOI=
195,-12,pn3tm+REXbuLjdnUiEJWoQoO5Oo=,C6m3nDbfp2pgTaNadHeztzQ0EOI=
198,-16,pn3tm+REXbuLjdnUiEJWoQoO5Oo=,C6m3nDbfp2pgTaNadHeztzQ0EOI=
195,-11,pn3tm+REXbuLjdnUiEJWoQoO5Oo=,C6m3nDbfp2pgTaNadHeztzQ0EOI=
194,-14,pn3tm+REXbuLjdnUiEJWoQoO5Oo=,C6m3nDbfp2pgTaNadHeztzQ0EOI=
194,-12,pn3tm+REXbuLjdnUiEJWoQoO5Oo=,C6m3nDbfp2pgTaNadHeztzQ0EOI=
197,-16,pn3tm+REXbuLjdnUiEJWoQoO5Oo=,C6m3nDbfp2pgTaNadHeztzQ0EOI=
193,-11,pn3tm+REXbuLjdnUiEJWoQoO5Oo=,C6m3nDbfp2pgTaNadHeztzQ0EOI=
193,-12,pn3tm+REXbuLjdnUiEJWoQoO5Oo=,C6m3nDbfp2pgTaNadHeztzQ0EOI=
192,-12,pn3tm+REXbuLjdnUiEJWoQoO5Oo=,C6m3nDbfp2pgTaNadHeztzQ0EOI=
199,-13,pn3tm+REXbuLjdnUiEJWoQoO5Oo=,C6m3nDbfp2pgTaNadHeztzQ0EOI=
198,-13,pn3tm+REXbuLjdnUiEJWoQoO5Oo=,C6m3nDbfp2pgTaNadHeztzQ0EOI=
197,-13,pn3tm+REXbuLjdnUiEJWoQoO5Oo=,C6m3nDbfp2pgTaNadHeztzQ0EOI=
196,-13,pn3tm+REXbuLjdnUiEJWoQoO5Oo=,C6m3nDbfp2pgTaNadHeztzQ0EOI=
195,-13,pn3tm+REXbuLjdnUiEJWoQoO5Oo=,C6m3nDbfp2pgTaNadHeztzQ0EOI=
196,-16,pn3tm+REXbuLjdnUiEJWoQoO5Oo=,C6m3nDbfp2pgTaNadHeztzQ0EOI=
194,-13,pn3tm+REXbuLjdnUiEJWoQoO5Oo=,C6m3nDbfp2pgTaNadHeztzQ0EOI=
193,-14,pn3tm+REXbuLjdnUiEJWoQoO5Oo=,C6m3nDbfp2pgTaNadHeztzQ0EOI=
193,-13,pn3tm+REXbuLjdnUiEJWoQoO5Oo=,C6m3nDbfp2pgTaNadHeztzQ0EOI=
192,-14,pn3tm+REXbuLjdnUiEJWoQoO5Oo=,C6m3nDbfp2pgTaNadHeztzQ0EOI=
192,-13,pn3tm+REXbuLjdnUiEJWoQoO5Oo=,C6m3nDbfp2pgTaNadHeztzQ0EOI=
199,-14,pn3tm+REXbuLjdnUiEJWoQoO5Oo=,C6m3nDbfp2pgTaNadHeztzQ0EOI=
192,-16,pn3tm+REXbuLjdnUiEJWoQoO5Oo=,C6m3nDbfp2pgTaNadHeztzQ0EOI=
194,-10,pn3tm+REXbuLjdnUiEJWoQoO5Oo=,C6m3nDbfp2pgTaNadHeztzQ0EOI=
195,-10,pn3tm+REXbuLjdnUiEJWoQoO5Oo=,C6m3nDbfp2pgTaNadHeztzQ0EOI=
199,-9,pn3tm+REXbuLjdnUiEJWoQoO5Oo=,C6m3nDbfp2pgTaNadHeztzQ0EOI=
198,-9,pn3tm+REXbuLjdnUiEJWoQoO5Oo=,C6m3nDbfp2pgTaNadHeztzQ0EOI=
196,-9,pn3tm+REXbuLjdnUiEJWoQoO5Oo=,C6m3nDbfp2pgTaNadHeztzQ0EOI=
199,-1,uabWpKDHirD0Up9t4nwm2OWceMw=,PG4eo5ja5M9dcTyLBUmMCDPTzao=
197,-9,pn3tm+REXbuLjdnUiEJWoQoO5Oo=,C6m3nDbfp2pgTaNadHeztzQ0EOI=
195,-5,uabWpKDHirD0Up9t4nwm2OWceMw=,PG4eo5ja5M9dcTyLBUmMCDPTzao=
196,-5,uabWpKDHirD0Up9t4nwm2OWceMw=,PG4eo5ja5M9dcTyLBUmMCDPTzao=
198,-1,uabWpKDHirD0Up9t4nwm2OWceMw=,PG4eo5ja5M9dcTyLBUmMCDPTzao=
193,-5,uabWpKDHirD0Up9t4nwm2OWceMw=,PG4eo5ja5M9dcTyLBUmMCDPTzao=
195,-1,uabWpKDHirD0Up9t4nwm2OWceMw=,PG4eo5ja5M9dcTyLBUmMCDPTzao=
197,-1,uabWpKDHirD0Up9t4nwm2OWceMw=,PG4eo5ja5M9dcTyLBUmMCDPTzao=
194,-1,uabWpKDHirD0Up9t4nwm2OWceMw=,PG4eo5ja5M9dcTyLBUmMCDPTzao=
193,-1,uabWpKDHirD0Up9t4nwm2OWceMw=,PG4eo5ja5M9dcTyLBUmMCDPTzao=
192,-1,uabWpKDHirD0Up9t4nwm2OWceMw=,PG4eo5ja5M9dcTyLBUmMCDPTzao=
196,-1,uabWpKDHirD0Up9t4nwm2OWceMw=,PG4eo5ja5M9dcTyLBUmMCDPTzao=
194,-5,uabWpKDHirD0Up9t4nwm2OWceMw=,PG4eo5ja5M9dcTyLBUmMCDPTzao=
199,-6,uabWpKDHirD0Up9t4nwm2OWceMw=,PG4eo5ja5M9dcTyLBUmMCDPTzao=
197,-2,uabWpKDHirD0Up9t4nwm2OWceMw=,PG4eo5ja5M9dcTyLBUmMCDPTzao=
199,-2,uabWpKDHirD0Up9t4nwm2OWceMw=,PG4eo5ja5M9dcTyLBUmMCDPTzao=
196,-2,uabWpKDHirD0Up9t4nwm2OWceMw=,PG4eo5ja5M9dcTyLBUmMCDPTzao=
192,-5,uabWpKDHirD0Up9t4nwm2OWceMw=,PG4eo5ja5M9dcTyLBUmMCDPTzao=
195,-2,uabWpKDHirD0Up9t4nwm2OWceMw=,PG4eo5ja5M9dcTyLBUmMCDPTzao=
194,-2,uabWpKDHirD0Up9t4nwm2OWceMw=,PG4eo5ja5M9dcTyLBUmMCDPTzao=
198,-6,uabWpKDHirD0Up9t4nwm2OWceMw=,PG4eo5ja5M9dcTyLBUmMCDPTzao=
198,-2,uabWpKDHirD0Up9t4nwm2OWceMw=,PG4eo5ja5M9dcTyLBUmMCDPTzao=
193,-2,uabWpKDHirD0Up9t4nwm2OWceMw=,PG4eo5ja5M9dcTyLBUmMCDPTzao=
192,-2,uabWpKDHirD0Up9t4nwm2OWceMw=,PG4eo5ja5M9dcTyLBUmMCDPTzao=
194,-9,pn3tm+REXbuLjdnUiEJWoQoO5Oo=,C6m3nDbfp2pgTaNadHeztzQ0EOI=
199,-3,uabWpKDHirD0Up9t4nwm2OWceMw=,PG4eo5ja5M9dcTyLBUmMCDPTzao=
195,-9,pn3tm+REXbuLjdnUiEJWoQoO5Oo=,C6m3nDbfp2pgTaNadHeztzQ0EOI=
193,-6,uabWpKDHirD0Up9t4nwm2OWceMw=,PG4eo5ja5M9dcTyLBUmMCDPTzao=
195,-6,uabWpKDHirD0Up9t4nwm2OWceMw=,PG4eo5ja5M9dcTyLBUmMCDPTzao=
198,-3,uabWpKDHirD0Up9t4nwm2OWceMw=,PG4eo5ja5M9dcTyLBUmMCDPTzao=
194,-6,uabWpKDHirD0Up9t4nwm2OWceMw=,PG4eo5ja5M9dcTyLBUmMCDPTzao=
199,-7,uabWpKDHirD0Up9t4nwm2OWceMw=,PG4eo5ja5M9dcTyLBUmMCDPTzao=
192,-6,uabWpKDHirD0Up9t4nwm2OWceMw=,PG4eo5ja5M9dcTyLBUmMCDPTzao=
197,-5,uabWpKDHirD0Up9t4nwm2OWceMw=,PG4eo5ja5M9dcTyLBUmMCDPTzao=
198,-7,uabWpKDHirD0Up9t4nwm2OWceMw=,PG4eo5ja5M9dcTyLBUmMCDPTzao=
197,-6,uabWpKDHirD0Up9t4nwm2OWceMw=,PG4eo5ja5M9dcTyLBUmMCDPTzao=
192,-9,pn3tm+REXbuLjdnUiEJWoQoO5Oo=,C6m3nDbfp2pgTaNadHeztzQ0EOI=
198,-5,uabWpKDHirD0Up9t4nwm2OWceMw=,PG4eo5ja5M9dcTyLBUmMCDPTzao=
192,-4,uabWpKDHirD0Up9t4nwm2OWceMw=,PG4eo5ja5M9dcTyLBUmMCDPTzao=
199,-5,uabWpKDHirD0Up9t4nwm2OWceMw=,PG4eo5ja5M9dcTyLBUmMCDPTzao=
193,-4,uabWpKDHirD0Up9t4nwm2OWceMw=,PG4eo5ja5M9dcTyLBUmMCDPTzao=
196,-6,uabWpKDHirD0Up9t4nwm2OWceMw=,PG4eo5ja5M9dcTyLBUmMCDPTzao=
194,-4,uabWpKDHirD0Up9t4nwm2OWceMw=,PG4eo5ja5M9dcTyLBUmMCDPTzao=
195,-7,uabWpKDHirD0Up9t4nwm2OWceMw=,PG4eo5ja5M9dcTyLBUmMCDPTzao=
195,-3,uabWpKDHirD0Up9t4nwm2OWceMw=,PG4eo5ja5M9dcTyLBUmMCDPTzao=
194,-3,uabWpKDHirD0Up9t4nwm2OWceMw=,PG4eo5ja5M9dcTyLBUmMCDPTzao=
193,-3,uabWpKDHirD0Up9t4nwm2OWceMw=,PG4eo5ja5M9dcTyLBUmMCDPTzao=
192,-3,uabWpKDHirD0Up9t4nwm2OWceMw=,PG4eo5ja5M9dcTyLBUmMCDPTzao=
196,-7,uabWpKDHirD0Up9t4nwm2OWceMw=,PG4eo5ja5M9dcTyLBUmMCDPTzao=
197,-7,uabWpKDHirD0Up9t4nwm2OWceMw=,PG4eo5ja5M9dcTyLBUmMCDPTzao=
199,-4,uabWpKDHirD0Up9t4nwm2OWceMw=,PG4eo5ja5M9dcTyLBUmMCDPTzao=
198,-4,uabWpKDHirD0Up9t4nwm2OWceMw=,PG4eo5ja5M9dcTyLBUmMCDPTzao=
197,-4,uabWpKDHirD0Up9t4nwm2OWceMw=,PG4eo5ja5M9dcTyLBUmMCDPTzao=
197,-3,uabWpKDHirD0Up9t4nwm2OWceMw=,PG4eo5ja5M9dcTyLBUmMCDPTzao=
195,-4,uabWpKDHirD0Up9t4nwm2OWceMw=,PG4eo5ja5M9dcTyLBUmMCDPTzao=
196,-3,uabWpKDHirD0Up9t4nwm2OWceMw=,PG4eo5ja5M9dcTyLBUmMCDPTzao=
199,-8,uabWpKDHirD0Up9t4nwm2OWceMw=,PG4eo5ja5M9dcTyLBUmMCDPTzao=
194,-7,uabWpKDHirD0Up9t4nwm2OWceMw=,PG4eo5ja5M9dcTyLBUmMCDPTzao=
196,-4,uabWpKDHirD0Up9t4nwm2OWceMw=,PG4eo5ja5M9dcTyLBUmMCDPTzao=
193,-7,uabWpKDHirD0Up9t4nwm2OWceMw=,PG4eo5ja5M9dcTyLBUmMCDPTzao=
192,-7,uabWpKDHirD0Up9t4nwm2OWceMw=,PG4eo5ja5M9dcTyLBUmMCDPTzao=
193,-9,pn3tm+REXbuLjdnUiEJWoQoO5Oo=,C6m3nDbfp2pgTaNadHeztzQ0EOI=
198,-8,uabWpKDHirD0Up9t4nwm2OWceMw=,PG4eo5ja5M9dcTyLBUmMCDPTzao=
192,-8,uabWpKDHirD0Up9t4nwm2OWceMw=,PG4eo5ja5M9dcTyLBUmMCDPTzao=
195,-8,uabWpKDHirD0Up9t4nwm2OWceMw=,PG4eo5ja5M9dcTyLBUmMCDPTzao=
197,-8,uabWpKDHirD0Up9t4nwm2OWceMw=,PG4eo5ja5M9dcTyLBUmMCDPTzao=
194,-8,uabWpKDHirD0Up9t4nwm2OWceMw=,PG4eo5ja5M9dcTyLBUmMCDPTzao=
196,-8,uabWpKDHirD0Up9t4nwm2OWceMw=,PG4eo5ja5M9dcTyLBUmMCDPTzao=
193,-8,uabWpKDHirD0Up9t4nwm2OWceMw=,PG4eo5ja5M9dcTyLBUmMCDPTzao=
201,-5,uabWpKDHirD0Up9t4nwm2OWceMw=,IDVZpXCq0Lbs9lCOGFkc2Sfc93o=
205,-4,yI9W+rzPW6KNYS76izoignvWGfE=,IDVZpXCq0Lbs9lCOGFkc2Sfc93o=
203,-3,uabWpKDHirD0Up9t4nwm2OWceMw=,IDVZpXCq0Lbs9lCOGFkc2Sfc93o=
204,-4,uabWpKDHirD0Up9t4nwm2OWceMw=,IDVZpXCq0Lbs9lCOGFkc2Sfc93o=
207,-7,uabWpKDHirD0Up9t4nwm2OWceMw=,IDVZpXCq0Lbs9lCOGFkc2Sfc93o=
203,-4,uabWpKDHirD0Up9t4nwm2OWceMw=,IDVZpXCq0Lbs9lCOGFkc2Sfc93o=
206,-7,uabWpKDHirD0Up9t4nwm2OWceMw=,IDVZpXCq0Lbs9lCOGFkc2Sfc93o=
207,-5,yI9W+rzPW6KNYS76izoignvWGfE=,IDVZpXCq0Lbs9lCOGFkc2Sfc93o=
202,-3,uabWpKDHirD0Up9t4nwm2OWceMw=,IDVZpXCq0Lbs9lCOGFkc2Sfc93o=
205,-5,uabWpKDHirD0Up9t4nwm2OWceMw=,IDVZpXCq0Lbs9lCOGFkc2Sfc93o=
201,-7,uabWpKDHirD0Up9t4nwm2OWceMw=,IDVZpXCq0Lbs9lCOGFkc2Sfc93o=
203,-8,uabWpKDHirD0Up9t4nwm2OWceMw=,IDVZpXCq0Lbs9lCOGFkc2Sfc93o=
206,-5,yI9W+rzPW6KNYS76izoignvWGfE=,IDVZpXCq0Lbs9lCOGFkc2Sfc93o=
207,-8,uabWpKDHirD0Up9t4nwm2OWceMw=,IDVZpXCq0Lbs9lCOGFkc2Sfc93o=
204,-7,uabWpKDHirD0Up9t4nwm2OWceMw=,IDVZpXCq0Lbs9lCOGFkc2Sfc93o=
207,-1,uabWpKDHirD0Up9t4nwm2OWceMw=,IDVZpXCq0Lbs9lCOGFkc2Sfc93o=
206,-1,uabWpKDHirD0Up9t4nwm2OWceMw=,IDVZpXCq0Lbs9lCOGFkc2Sfc93o=
205,-1,uabWpKDHirD0Up9t4nwm2OWceMw=,IDVZpXCq0Lbs9lCOGFkc2Sfc93o=
201,-3,uabWpKDHirD0Up9t4nwm2OWceMw=,IDVZpXCq0Lbs9lCOGFkc2Sfc93o=
205,-7,uabWpKDHirD0Up9t4nwm2OWceMw=,IDVZpXCq0Lbs9lCOGFkc2Sfc93o=
206,-8,yI9W+rzPW6KNYS76izoignvWGfE=,IDVZpXCq0Lbs9lCOGFkc2Sfc93o=
203,-1,uabWpKDHirD0Up9t4nwm2OWceMw=,IDVZpXCq0Lbs9lCOGFkc2Sfc93o=
204,-1,uabWpKDHirD0Up9t4nwm2OWceMw=,IDVZpXCq0Lbs9lCOGFkc2Sfc93o=
201,-1,uabWpKDHirD0Up9t4nwm2OWceMw=,IDVZpXCq0Lbs9lCOGFkc2Sfc93o=
202,-1,uabWpKDHirD0Up9t4nwm2OWceMw=,IDVZpXCq0Lbs9lCOGFkc2Sfc93o=
207,-2,uabWpKDHirD0Up9t4nwm2OWceMw=,IDVZpXCq0Lbs9lCOGFkc2Sfc93o=
206,-2,uabWpKDHirD0Up9t4nwm2OWceMw=,IDVZpXCq0Lbs9lCOGFkc2Sfc93o=
205,-2,uabWpKDHirD0Up9t4nwm2OWceMw=,IDVZpXCq0Lbs9lCOGFkc2Sfc93o=
204,-2,uabWpKDHirD0Up9t4nwm2OWceMw=,IDVZpXCq0Lbs9lCOGFkc2Sfc93o=
204,-5,uabWpKDHirD0Up9t4nwm2OWceMw=,IDVZpXCq0Lbs9lCOGFkc2Sfc93o=
205,-8,yI9W+rzPW6KNYS76izoignvWGfE=,IDVZpXCq0Lbs9lCOGFkc2Sfc93o=
203,-2,uabWpKDHirD0Up9t4nwm2OWceMw=,IDVZpXCq0Lbs9lCOGFkc2Sfc93o=
202,-2,uabWpKDHirD0Up9t4nwm2OWceMw=,IDVZpXCq0Lbs9lCOGFkc2Sfc93o=
201,-2,uabWpKDHirD0Up9t4nwm2OWceMw=,IDVZpXCq0Lbs9lCOGFkc2Sfc93o=
207,-3,uabWpKDHirD0Up9t4nwm2OWceMw=,IDVZpXCq0Lbs9lCOGFkc2Sfc93o=
203,-7,uabWpKDHirD0Up9t4nwm2OWceMw=,IDVZpXCq0Lbs9lCOGFkc2Sfc93o=
206,-3,uabWpKDHirD0Up9t4nwm2OWceMw=,IDVZpXCq0Lbs9lCOGFkc2Sfc93o=
205,-3,yI9W+rzPW6KNYS76izoignvWGfE=,IDVZpXCq0Lbs9lCOGFkc2Sfc93o=
204,-8,yI9W+rzPW6KNYS76izoignvWGfE=,IDVZpXCq0Lbs9lCOGFkc2Sfc93o=
206,-6,uabWpKDHirD0Up9t4nwm2OWceMw=,IDVZpXCq0Lbs9lCOGFkc2Sfc93o=
207,-6,uabWpKDHirD0Up9t4nwm2OWceMw=,IDVZpXCq0Lbs9lCOGFkc2Sfc93o=
205,-6,uabWpKDHirD0Up9t4nwm2OWceMw=,IDVZpXCq0Lbs9lCOGFkc2Sfc93o=
204,-6,uabWpKDHirD0Up9t4nwm2OWceMw=,IDVZpXCq0Lbs9lCOGFkc2Sfc93o=
203,-6,uabWpKDHirD0Up9t4nwm2OWceMw=,IDVZpXCq0Lbs9lCOGFkc2Sfc93o=
202,-6,uabWpKDHirD0Up9t4nwm2OWceMw=,IDVZpXCq0Lbs9lCOGFkc2Sfc93o=
204,-3,yI9W+rzPW6KNYS76izoignvWGfE=,IDVZpXCq0Lbs9lCOGFkc2Sfc93o=
201,-6,uabWpKDHirD0Up9t4nwm2OWceMw=,IDVZpXCq0Lbs9lCOGFkc2Sfc93o=
202,-8,uabWpKDHirD0Up9t4nwm2OWceMw=,IDVZpXCq0Lbs9lCOGFkc2Sfc93o=
207,-4,uabWpKDHirD0Up9t4nwm2OWceMw=,IDVZpXCq0Lbs9lCOGFkc2Sfc93o=
206,-4,uabWpKDHirD0Up9t4nwm2OWceMw=,IDVZpXCq0Lbs9lCOGFkc2Sfc93o=
201,-8,uabWpKDHirD0Up9t4nwm2OWceMw=,IDVZpXCq0Lbs9lCOGFkc2Sfc93o=
202,-7,uabWpKDHirD0Up9t4nwm2OWceMw=,IDVZpXCq0Lbs9lCOGFkc2Sfc93o=
203,-5,uabWpKDHirD0Up9t4nwm2OWceMw=,IDVZpXCq0Lbs9lCOGFkc2Sfc93o=
202,-4,uabWpKDHirD0Up9t4nwm2OWceMw=,IDVZpXCq0Lbs9lCOGFkc2Sfc93o=
202,-5,uabWpKDHirD0Up9t4nwm2OWceMw=,IDVZpXCq0Lbs9lCOGFkc2Sfc93o=
201,-4,uabWpKDHirD0Up9t4nwm2OWceMw=,IDVZpXCq0Lbs9lCOGFkc2Sfc93o=
200,-5,uabWpKDHirD0Up9t4nwm2OWceMw=,IDVZpXCq0Lbs9lCOGFkc2Sfc93o=
200,-7,uabWpKDHirD0Up9t4nwm2OWceMw=,IDVZpXCq0Lbs9lCOGFkc2Sfc93o=
200,-1,uabWpKDHirD0Up9t4nwm2OWceMw=,IDVZpXCq0Lbs9lCOGFkc2Sfc93o=
200,-4,uabWpKDHirD0Up9t4nwm2OWceMw=,IDVZpXCq0Lbs9lCOGFkc2Sfc93o=
200,-8,uabWpKDHirD0Up9t4nwm2OWceMw=,IDVZpXCq0Lbs9lCOGFkc2Sfc93o=
200,-2,uabWpKDHirD0Up9t4nwm2OWceMw=,IDVZpXCq0Lbs9lCOGFkc2Sfc93o=
200,-6,uabWpKDHirD0Up9t4nwm2OWceMw=,IDVZpXCq0Lbs9lCOGFkc2Sfc93o=
200,-3,uabWpKDHirD0Up9t4nwm2OWceMw=,IDVZpXCq0Lbs9lCOGFkc2Sfc93o=
